cohort,simulationRun,blind_run_id,final_outer_attempt,dpca_scientific_attempt,llm_required,llm_scientific_attempt,integrity_status,llm_records,llm_early_stop,llm_raw_post_onset,llm_confirmed_post_onset,llm_first_indication_sample_end,llm_confirmation_sample_end,llm_raw_delay_minutes,llm_confirmed_delay_minutes,llm_raw_pre_onset,llm_confirmed_pre_onset,dpca_records,dpca_raw_post_onset,dpca_confirmed_post_onset,dpca_first_raw_sample,dpca_first_persistent_sample,dpca_raw_delay_minutes,dpca_confirmed_delay_minutes,dpca_raw_pre_onset,dpca_confirmed_pre_onset,llm_any_raw_false_alarm,llm_any_confirmed_false_alarm,dpca_any_raw_false_alarm,dpca_any_confirmed_false_alarm,h3_run_score,h3_applicable_responses,h3_evidence_items,h3_verifiable_evidence_items
target,1,BLIND_A8658A3304578BAF,attempt_0007,0001,False,,VALID,,,,,,,,,,,960,True,True,187,189,78,84,True,False,,,,,,,,
target,2,BLIND_4A67AC9AB0EBCA69,attempt_0001,0001,False,,VALID,,,,,,,,,,,960,True,True,195,197,102,108,True,True,,,,,,,,
target,3,BLIND_7B494D82A325DD7B,attempt_0001,0001,False,,VALID,,,,,,,,,,,960,True,True,195,197,102,108,True,False,,,,,,,,
target,4,BLIND_DB88FA87ACBDD533,attempt_0001,0001,False,,VALID,,,,,,,,,,,960,True,True,177,193,48,96,False,False,,,,,,,,
target,5,BLIND_7DB8A1BDFBAB4C14,attempt_0001,0001,False,,VALID,,,,,,,,,,,960,True,True,195,197,102,108,True,False,,,,,,,,
target,6,BLIND_8C884631E6BFDD32,attempt_0001,0001,False,,VALID,,,,,,,,,,,960,True,True,171,225,30,192,True,True,,,,,,,,
target,7,BLIND_E5EC9BE30EE28B5F,attempt_0001,0001,False,,VALID,,,,,,,,,,,960,True,True,173,221,36,180,True,False,,,,,,,,
target,8,BLIND_3CA45EAE012FB2A9,attempt_0001,0001,False,,VALID,,,,,,,,,,,960,True,True,181,185,60,72,True,False,,,,,,,,
target,9,BLIND_9AFD111D65F3FC1A,attempt_0001,0001,False,,VALID,,,,,,,,,,,960,True,True,197,205,108,132,False,False,,,,,,,,
target,10,BLIND_F02FEC3270D32A7C,attempt_0001,0001,False,,VALID,,,,,,,,,,,960,True,True,179,181,54,60,True,True,,,,,,,,
target,11,BLIND_36E8856BA11ED1F2,attempt_0001,0001,False,,VALID,,,,,,,,,,,960,True,True,199,201,114,120,False,False,,,,,,,,
target,12,BLIND_497E442B0C384AE0,attempt_0001,0001,False,,VALID,,,,,,,,,,,960,True,True,197,202,108,123,True,False,,,,,,,,
target,13,BLIND_1C6FB58DA798DCD5,attempt_0001,0001,False,,VALID,,,,,,,,,,,960,True,True,195,205,102,132,True,False,,,,,,,,
target,14,BLIND_410D713965BF95C6,attempt_0001,0001,True,0001,VALID,58,True,True,True,285,305,372,432,True,False,960,True,True,195,205,102,132,True,False,,,,,0.150102627258,58,438,438
target,15,BLIND_E4F7B88F3EA03912,attempt_0001,0001,False,,VALID,,,,,,,,,,,960,True,True,185,187,72,78,True,True,,,,,,,,
target,16,BLIND_5123BC66AE0CA062,attempt_0001,0001,False,,VALID,,,,,,,,,,,960,True,True,171,245,30,252,True,False,,,,,,,,
target,17,BLIND_9C1DDC170B07BEDD,attempt_0001,0001,False,,VALID,,,,,,,,,,,960,True,True,177,185,48,72,True,True,,,,,,,,
target,18,BLIND_344CF7824A8C1522,attempt_0001,0001,False,,VALID,,,,,,,,,,,960,True,True,161,197,0,108,True,False,,,,,,,,
target,19,BLIND_F6E26FA829481415,attempt_0001,0001,False,,VALID,,,,,,,,,,,960,True,True,169,213,24,156,True,False,,,,,,,,
target,20,BLIND_4EA57B7A4A4EB7C8,attempt_0001,0001,False,,VALID,,,,,,,,,,,960,True,True,185,189,72,84,True,False,,,,,,,,
target,21,BLIND_15AFAA518226D4E2,attempt_0001,0001,False,,VALID,,,,,,,,,,,960,True,True,231,233,210,216,False,False,,,,,,,,
target,22,BLIND_6C41F3C4D819D6A4,attempt_0001,0001,False,,VALID,,,,,,,,,,,960,True,True,173,193,36,96,True,False,,,,,,,,
target,23,BLIND_A07826ADAE04E54D,attempt_0001,0001,True,0001,VALID,49,True,True,True,230,260,207,297,False,False,960,True,True,191,193,90,96,True,False,,,,,0.166877227081,49,373,373
target,24,BLIND_DF5F2D10794C2DAA,attempt_0001,0001,True,0001,VALID,38,True,True,True,185,205,72,132,True,False,960,True,True,161,184,0,69,True,True,,,,,0.104615705931,38,274,274
target,25,BLIND_63F565FA4CD21B2D,attempt_0001,0001,False,,VALID,,,,,,,,,,,960,True,True,221,239,180,234,False,False,,,,,,,,
target,26,BLIND_3844EEFE0B472B8F,attempt_0001,0001,True,0001,VALID,46,True,True,True,225,245,192,252,True,True,960,True,True,230,232,207,213,True,False,,,,,0.0710144927536,46,360,360
target,27,BLIND_309D6A4783C13F6F,attempt_0001,0001,True,0001,VALID,50,True,True,True,215,265,162,312,True,False,960,True,True,189,209,84,144,False,False,,,,,0.13919047619,50,404,404
target,28,BLIND_54F9669D3C9B930E,attempt_0001,0001,False,,VALID,,,,,,,,,,,960,True,True,269,271,324,330,False,False,,,,,,,,
target,29,BLIND_7A3A28874F2E49C9,attempt_0001,0001,False,,VALID,,,,,,,,,,,960,True,True,221,233,180,216,True,False,,,,,,,,
target,30,BLIND_FF3B2B8042649AC4,attempt_0001,0001,False,,VALID,,,,,,,,,,,960,True,True,182,184,63,69,True,False,,,,,,,,
target,31,BLIND_DD517587F1670AC4,attempt_0001,0001,False,,VALID,,,,,,,,,,,960,True,True,185,187,72,78,True,True,,,,,,,,
target,32,BLIND_8C88D63D27469FA6,attempt_0001,0001,False,,VALID,,,,,,,,,,,960,True,True,191,193,90,96,False,False,,,,,,,,
target,33,BLIND_FA4AAF8F4C4CEDE5,attempt_0001,0001,False,,VALID,,,,,,,,,,,960,True,True,176,189,45,84,True,False,,,,,,,,
target,34,BLIND_E1C10551CC7ECF56,attempt_0001,0001,False,,VALID,,,,,,,,,,,960,True,True,181,183,60,66,True,False,,,,,,,,
target,35,BLIND_B877E42A128E5FAF,attempt_0001,0001,False,,VALID,,,,,,,,,,,960,True,True,203,229,126,204,True,False,,,,,,,,
target,36,BLIND_3DB7D3FCC9AA00DC,attempt_0001,0001,False,,VALID,,,,,,,,,,,960,True,True,186,188,75,81,True,False,,,,,,,,
target,37,BLIND_41EC4C1670089C2D,attempt_0001,0001,False,,VALID,,,,,,,,,,,960,True,True,197,199,108,114,True,False,,,,,,,,
target,38,BLIND_083FE4BF0FC6C1B6,attempt_0001,0001,False,,VALID,,,,,,,,,,,960,True,True,179,201,54,120,True,False,,,,,,,,
target,39,BLIND_E4DD3999E7D7660A,attempt_0001,0001,False,,VALID,,,,,,,,,,,960,True,True,175,199,42,114,True,False,,,,,,,,
target,40,BLIND_80E2B665CA16ECD4,attempt_0001,0001,False,,VALID,,,,,,,,,,,960,True,True,171,210,30,147,True,False,,,,,,,,
target,41,BLIND_EC3F11CB6A68201C,attempt_0001,0001,False,,VALID,,,,,,,,,,,960,True,True,169,197,24,108,True,False,,,,,,,,
target,42,BLIND_43C64E77C08EEAC6,attempt_0001,0001,False,,VALID,,,,,,,,,,,960,True,True,193,223,96,186,True,False,,,,,,,,
target,43,BLIND_F44B56E87D6D7676,attempt_0001,0001,False,,VALID,,,,,,,,,,,960,True,True,199,201,114,120,True,False,,,,,,,,
target,44,BLIND_C9F62189301BA44E,attempt_0001,0001,False,,VALID,,,,,,,,,,,960,True,True,181,187,60,78,True,False,,,,,,,,
target,45,BLIND_441E3FBFCF8EE1D2,attempt_0001,0001,False,,VALID,,,,,,,,,,,960,True,True,189,191,84,90,True,False,,,,,,,,
target,46,BLIND_89003FA45F101557,attempt_0001,0001,False,,VALID,,,,,,,,,,,960,True,True,183,185,66,72,False,False,,,,,,,,
target,47,BLIND_5AF43A12F626D90E,attempt_0001,0001,False,,VALID,,,,,,,,,,,960,True,True,173,177,36,48,True,False,,,,,,,,
target,48,BLIND_A2F1DECF1FFCC499,attempt_0001,0001,False,,VALID,,,,,,,,,,,960,True,True,191,193,90,96,True,True,,,,,,,,
target,49,BLIND_D477AF26BCC68AEC,attempt_0001,0001,False,,VALID,,,,,,,,,,,960,True,True,190,192,87,93,True,False,,,,,,,,
target,50,BLIND_9DCD5CB68B754E4E,attempt_0001,0001,False,,VALID,,,,,,,,,,,960,True,True,183,187,66,78,True,False,,,,,,,,
target,51,BLIND_8E413297C222E9C4,attempt_0001,0001,False,,VALID,,,,,,,,,,,960,True,True,189,193,84,96,True,False,,,,,,,,
target,52,BLIND_96F1392A02441F4B,attempt_0001,0001,False,,VALID,,,,,,,,,,,960,True,True,188,190,81,87,False,False,,,,,,,,
target,53,BLIND_53E3AA819CB11B67,attempt_0001,0001,False,,VALID,,,,,,,,,,,960,True,True,233,235,216,222,False,False,,,,,,,,
target,54,BLIND_B5BBD8513CEE12E4,attempt_0001,0001,False,,VALID,,,,,,,,,,,960,True,True,179,181,54,60,True,False,,,,,,,,
target,55,BLIND_2BFEEBACA667E058,attempt_0001,0001,True,0001,VALID,53,True,True,True,250,280,267,357,True,False,960,True,True,217,219,168,174,True,False,,,,,0.110062893082,53,418,418
target,56,BLIND_0FC7468FE633CE98,attempt_0001,0001,False,,VALID,,,,,,,,,,,960,True,True,161,193,0,96,False,False,,,,,,,,
target,57,BLIND_33D2509C84BDC4FF,attempt_0001,0001,False,,VALID,,,,,,,,,,,960,True,True,187,231,78,210,False,False,,,,,,,,
target,58,BLIND_D5E4EF532B1077E5,attempt_0002,0001,True,0002,VALID,61,True,True,True,230,320,207,477,True,False,960,True,True,187,201,78,120,True,False,,,,,0.142265157429,61,461,461
target,59,BLIND_2D04ED39B0711EC9,attempt_0001,0001,False,,VALID,,,,,,,,,,,960,True,True,195,197,102,108,True,False,,,,,,,,
target,60,BLIND_4D7DC240C3912605,attempt_0001,0001,True,0001,VALID,41,True,True,True,200,220,117,177,True,True,960,True,True,179,181,54,60,True,False,,,,,0.147996515679,41,338,338
target,61,BLIND_5E5EB03E2E4F34A2,attempt_0001,0001,False,,VALID,,,,,,,,,,,960,True,True,175,177,42,48,True,False,,,,,,,,
target,62,BLIND_C9ABF4378875E377,attempt_0001,0001,False,,VALID,,,,,,,,,,,960,True,True,187,191,78,90,True,True,,,,,,,,
target,63,BLIND_AAABEB7AAA61E79F,attempt_0001,0001,True,0001,VALID,72,True,True,True,195,375,102,642,True,False,960,True,True,165,272,12,333,True,False,,,,,0.130913800705,72,552,552
target,64,BLIND_A5DEA72F4EDC34EE,attempt_0001,0001,False,,VALID,,,,,,,,,,,960,True,True,173,191,36,90,False,False,,,,,,,,
target,65,BLIND_D39B2599F7B38C44,attempt_0001,0001,False,,VALID,,,,,,,,,,,960,True,True,195,197,102,108,False,False,,,,,,,,
target,66,BLIND_A19C99B877582689,attempt_0001,0001,False,,VALID,,,,,,,,,,,960,True,True,161,181,0,60,True,False,,,,,,,,
target,67,BLIND_2556EF74F7310F10,attempt_0001,0001,False,,VALID,,,,,,,,,,,960,True,True,207,213,138,156,True,False,,,,,,,,
target,68,BLIND_06F4FDAED97B3D2F,attempt_0001,0001,True,0001,VALID,48,True,True,True,235,255,222,282,True,False,960,True,True,205,215,132,162,True,False,,,,,0.152174272487,48,366,366
target,69,BLIND_4A062E484706C2AD,attempt_0001,0001,False,,VALID,,,,,,,,,,,960,True,True,215,217,162,168,True,True,,,,,,,,
target,70,BLIND_6EEAC9269BFC50CC,attempt_0001,0001,False,,VALID,,,,,,,,,,,960,True,True,224,249,189,264,True,False,,,,,,,,
target,71,BLIND_F4000888057B1E67,attempt_0001,0001,False,,VALID,,,,,,,,,,,960,True,True,231,233,210,216,True,False,,,,,,,,
target,72,BLIND_B989191946BD3C20,attempt_0001,0001,False,,VALID,,,,,,,,,,,960,True,True,193,195,96,102,False,False,,,,,,,,
target,73,BLIND_F1764873FFF2DAD1,attempt_0001,0001,False,,VALID,,,,,,,,,,,960,True,True,181,207,60,138,True,False,,,,,,,,
target,74,BLIND_91BCDA8E19A75F54,attempt_0001,0001,False,,VALID,,,,,,,,,,,960,True,True,199,211,114,150,False,False,,,,,,,,
target,75,BLIND_C76624F983B56CCA,attempt_0001,0001,False,,VALID,,,,,,,,,,,960,True,True,201,203,120,126,True,False,,,,,,,,
target,76,BLIND_A050B3D64BCB6CC0,attempt_0001,0001,False,,VALID,,,,,,,,,,,960,True,True,181,183,60,66,True,False,,,,,,,,
target,77,BLIND_64D23D865DB115A4,attempt_0001,0001,False,,VALID,,,,,,,,,,,960,True,True,197,199,108,114,True,False,,,,,,,,
target,78,BLIND_99CD43A7283304EF,attempt_0001,0001,False,,VALID,,,,,,,,,,,960,True,True,193,195,96,102,True,False,,,,,,,,
target,79,BLIND_C8B68C4DD64D142F,attempt_0001,0001,False,,VALID,,,,,,,,,,,960,True,True,190,195,87,102,True,False,,,,,,,,
target,80,BLIND_0C2DAFDA4AFCCFBA,attempt_0001,0001,False,,VALID,,,,,,,,,,,960,True,True,201,209,120,144,False,False,,,,,,,,
target,81,BLIND_44798BDAD34A9DA6,attempt_0001,0001,False,,VALID,,,,,,,,,,,960,True,True,162,164,3,9,True,False,,,,,,,,
target,82,BLIND_76A515A94BEC72A3,attempt_0001,0001,True,0001,VALID,52,True,True,True,220,275,177,342,False,False,960,True,True,191,193,90,96,True,False,,,,,0.0807463369963,52,427,427
target,83,BLIND_24464CD29C60335F,attempt_0001,0001,False,,VALID,,,,,,,,,,,960,True,True,190,192,87,93,True,False,,,,,,,,
target,84,BLIND_AB50D84E4CD3F7F6,attempt_0001,0001,False,,VALID,,,,,,,,,,,960,True,True,175,183,42,66,False,False,,,,,,,,
target,85,BLIND_FF4865A17FBA8095,attempt_0001,0001,False,,VALID,,,,,,,,,,,960,True,True,212,214,153,159,True,True,,,,,,,,
target,86,BLIND_84F21BCEB7DB11D2,attempt_0001,0001,False,,VALID,,,,,,,,,,,960,True,True,161,211,0,150,True,True,,,,,,,,
target,87,BLIND_0CD2754F4C561952,attempt_0001,0001,False,,VALID,,,,,,,,,,,960,True,True,207,209,138,144,True,False,,,,,,,,
target,88,BLIND_F595BC84B6403369,attempt_0001,0001,False,,VALID,,,,,,,,,,,960,True,True,211,213,150,156,True,False,,,,,,,,
target,89,BLIND_C2C39D9167AC0E4F,attempt_0001,0001,False,,VALID,,,,,,,,,,,960,True,True,189,191,84,90,True,True,,,,,,,,
target,90,BLIND_165468DFE36A42DC,attempt_0001,0001,True,0001,VALID,53,True,True,True,260,280,297,357,False,False,960,True,True,189,191,84,90,True,False,,,,,0.186987121893,53,427,427
target,91,BLIND_12B5593E83BD0AF7,attempt_0001,0001,False,,VALID,,,,,,,,,,,960,True,True,199,207,114,138,True,False,,,,,,,,
target,92,BLIND_581CEAFA22372F58,attempt_0001,0001,True,0001,VALID,49,True,True,True,205,260,132,297,False,False,960,True,True,195,197,102,108,True,False,,,,,0.115030774214,49,415,415
target,93,BLIND_D920903F3F40D78A,attempt_0001,0001,False,,VALID,,,,,,,,,,,960,True,True,181,183,60,66,True,False,,,,,,,,
target,94,BLIND_05CD29B381443CD4,attempt_0001,0001,False,,VALID,,,,,,,,,,,960,True,True,185,187,72,78,True,False,,,,,,,,
target,95,BLIND_EC396881F635B16B,attempt_0001,0001,False,,VALID,,,,,,,,,,,960,True,True,173,175,36,42,False,False,,,,,,,,
target,96,BLIND_27775CD606A41C6B,attempt_0001,0001,False,,VALID,,,,,,,,,,,960,True,True,167,169,18,24,False,False,,,,,,,,
target,97,BLIND_053C17C8C0E72349,attempt_0001,0001,False,,VALID,,,,,,,,,,,960,True,True,171,175,30,42,True,False,,,,,,,,
target,98,BLIND_679CE441098E7C67,attempt_0001,0001,False,,VALID,,,,,,,,,,,960,True,True,189,205,84,132,True,False,,,,,,,,
target,99,BLIND_820744C6579E46A0,attempt_0001,0001,False,,VALID,,,,,,,,,,,960,True,True,169,201,24,120,True,False,,,,,,,,
target,100,BLIND_3A9C4FDFEE57791D,attempt_0001,0001,False,,VALID,,,,,,,,,,,960,True,True,195,201,102,120,True,False,,,,,,,,
target,101,BLIND_0D8BFD7656CA6214,attempt_0001,0001,False,,VALID,,,,,,,,,,,960,True,True,177,179,48,54,True,False,,,,,,,,
target,102,BLIND_9899070B170D0907,attempt_0001,0001,False,,VALID,,,,,,,,,,,960,True,True,225,249,192,264,True,False,,,,,,,,
target,103,BLIND_C789F4AC9B3840B3,attempt_0001,0001,False,,VALID,,,,,,,,,,,960,True,True,173,175,36,42,True,False,,,,,,,,
target,104,BLIND_D9BC8B2CC5A349F4,attempt_0001,0001,False,,VALID,,,,,,,,,,,960,True,True,185,189,72,84,True,False,,,,,,,,
target,105,BLIND_BCF7CFF694E87A66,attempt_0001,0001,False,,VALID,,,,,,,,,,,960,True,True,215,217,162,168,True,False,,,,,,,,
target,106,BLIND_962EB83A4F9E0CE2,attempt_0001,0001,False,,VALID,,,,,,,,,,,960,True,True,185,187,72,78,False,False,,,,,,,,
target,107,BLIND_0E31AF8756838BE6,attempt_0001,0001,False,,VALID,,,,,,,,,,,960,True,True,235,239,222,234,True,False,,,,,,,,
target,108,BLIND_2F58DE13EDC335BA,attempt_0001,0001,False,,VALID,,,,,,,,,,,960,True,True,187,195,78,102,True,False,,,,,,,,
target,109,BLIND_78D579BC4E8E0CD9,attempt_0001,0001,False,,VALID,,,,,,,,,,,960,True,True,185,197,72,108,True,True,,,,,,,,
target,110,BLIND_5FF2B4DFA004DF95,attempt_0001,0001,False,,VALID,,,,,,,,,,,960,True,True,189,199,84,114,False,False,,,,,,,,
target,111,BLIND_B9B45CB5E2D995BD,attempt_0001,0001,False,,VALID,,,,,,,,,,,960,True,True,161,195,0,102,True,True,,,,,,,,
target,112,BLIND_EF6684C333F323DD,attempt_0001,0001,True,0001,VALID,51,True,True,True,235,270,222,327,True,False,960,True,True,169,193,24,96,True,False,,,,,0.176844070962,51,397,397
target,113,BLIND_678C41CE19EBD5AE,attempt_0001,0001,False,,VALID,,,,,,,,,,,960,True,True,170,172,27,33,True,False,,,,,,,,
target,114,BLIND_99A8F87053DDB00B,attempt_0001,0001,False,,VALID,,,,,,,,,,,960,True,True,161,229,0,204,True,False,,,,,,,,
target,115,BLIND_EB37411DE0239EDD,attempt_0001,0001,False,,VALID,,,,,,,,,,,960,True,True,213,217,156,168,True,False,,,,,,,,
target,116,BLIND_8634F9A7F8E6B710,attempt_0001,0001,False,,VALID,,,,,,,,,,,960,True,True,190,192,87,93,True,False,,,,,,,,
target,117,BLIND_034D9083693ED13D,attempt_0001,0001,False,,VALID,,,,,,,,,,,960,True,True,189,193,84,96,True,False,,,,,,,,
target,118,BLIND_F26E3F8D0C13A6F5,attempt_0001,0001,False,,VALID,,,,,,,,,,,960,True,True,213,215,156,162,True,False,,,,,,,,
target,119,BLIND_8B6538D2D262C965,attempt_0001,0001,False,,VALID,,,,,,,,,,,960,True,True,199,203,114,126,False,False,,,,,,,,
target,120,BLIND_1411A5FAC5DCC16A,attempt_0001,0001,False,,VALID,,,,,,,,,,,960,True,True,185,187,72,78,True,False,,,,,,,,
target,121,BLIND_585B806170EE5593,attempt_0001,0001,True,0001,VALID,53,True,True,True,260,280,297,357,False,False,960,True,True,213,215,156,162,False,False,,,,,0.15708295897,53,434,434
target,122,BLIND_11F7F8E59E47DD2A,attempt_0001,0001,True,0001,VALID,52,True,True,True,210,275,147,342,True,False,960,True,True,205,207,132,138,True,False,,,,,0.219871794872,52,391,391
target,123,BLIND_CDFE0010DC7838BA,attempt_0001,0001,True,0001,VALID,48,True,True,True,195,255,102,282,True,False,960,True,True,191,223,90,186,True,False,,,,,0.121205357143,48,365,365
target,124,BLIND_09A0D759868CC6DD,attempt_0001,0001,False,,VALID,,,,,,,,,,,960,True,True,169,199,24,114,True,True,,,,,,,,
target,125,BLIND_2421F7BBFED4BBEA,attempt_0001,0001,True,0001,VALID,53,True,True,True,225,280,192,357,True,False,960,True,True,177,225,48,192,True,False,,,,,0.100269541779,53,431,431
target,126,BLIND_D20004FA85F89367,attempt_0001,0001,False,,VALID,,,,,,,,,,,960,True,True,177,181,48,60,True,False,,,,,,,,
target,127,BLIND_F47D30FA425D2D77,attempt_0001,0001,False,,VALID,,,,,,,,,,,960,True,True,179,187,54,78,True,False,,,,,,,,
target,128,BLIND_E8D256AA51F6DF47,attempt_0001,0001,False,,VALID,,,,,,,,,,,960,True,True,195,211,102,150,False,False,,,,,,,,
target,129,BLIND_8DE27A20E038C97B,attempt_0001,0001,False,,VALID,,,,,,,,,,,960,True,True,161,181,0,60,True,False,,,,,,,,
target,130,BLIND_7AFDB1942849FA0B,attempt_0001,0001,True,0001,VALID,54,True,True,True,220,285,177,372,True,False,960,True,True,165,169,12,24,False,False,,,,,0.145245443857,54,429,429
target,131,BLIND_D9E654631A3394D2,attempt_0001,0001,False,,VALID,,,,,,,,,,,960,True,True,183,185,66,72,True,False,,,,,,,,
target,132,BLIND_D74BE8455392A2A7,attempt_0001,0001,False,,VALID,,,,,,,,,,,960,True,True,194,196,99,105,False,False,,,,,,,,
target,133,BLIND_275EE8CE15C6CED0,attempt_0001,0001,False,,VALID,,,,,,,,,,,960,True,True,179,216,54,165,True,False,,,,,,,,
target,134,BLIND_59DD1EBBFB692069,attempt_0001,0001,False,,VALID,,,,,,,,,,,960,True,True,215,217,162,168,True,True,,,,,,,,
target,135,BLIND_4B4743FEC07E2E7B,attempt_0001,0001,False,,VALID,,,,,,,,,,,960,True,True,205,209,132,144,True,False,,,,,,,,
target,136,BLIND_F607B48B15C4BB7A,attempt_0001,0001,True,0001,VALID,48,True,True,True,165,255,12,282,False,False,960,True,True,165,169,12,24,True,False,,,,,0.266939484127,48,371,371
target,137,BLIND_359814CC5E70B2E5,attempt_0001,0001,False,,VALID,,,,,,,,,,,960,True,True,203,207,126,138,False,False,,,,,,,,
target,138,BLIND_4274B37CA098F83E,attempt_0001,0001,False,,VALID,,,,,,,,,,,960,True,True,179,183,54,66,True,True,,,,,,,,
target,139,BLIND_67CEDB0E18C57C25,attempt_0001,0001,False,,VALID,,,,,,,,,,,960,True,True,177,179,48,54,True,False,,,,,,,,
target,140,BLIND_4F3EA35A1EC48747,attempt_0001,0001,False,,VALID,,,,,,,,,,,960,True,True,175,177,42,48,False,False,,,,,,,,
target,141,BLIND_215A264BEB015DD9,attempt_0001,0001,False,,VALID,,,,,,,,,,,960,True,True,215,245,162,252,True,False,,,,,,,,
target,142,BLIND_92F5B5F0CC717DA2,attempt_0001,0001,False,,VALID,,,,,,,,,,,960,True,True,204,214,129,159,True,True,,,,,,,,
target,143,BLIND_6231999C7646E17B,attempt_0001,0001,False,,VALID,,,,,,,,,,,960,True,True,195,197,102,108,False,False,,,,,,,,
target,144,BLIND_51E08DCF0DE98154,attempt_0001,0001,False,,VALID,,,,,,,,,,,960,True,True,189,195,84,102,False,False,,,,,,,,
target,145,BLIND_F3B04B77292A9643,attempt_0001,0001,False,,VALID,,,,,,,,,,,960,True,True,197,207,108,138,True,False,,,,,,,,
target,146,BLIND_7366848EE2786C85,attempt_0001,0001,False,,VALID,,,,,,,,,,,960,True,True,187,197,78,108,True,False,,,,,,,,
target,147,BLIND_7A6E6A5CD7F25731,attempt_0001,0001,False,,VALID,,,,,,,,,,,960,True,True,199,201,114,120,True,False,,,,,,,,
target,148,BLIND_0CF13E091BFB1E7B,attempt_0001,0001,False,,VALID,,,,,,,,,,,960,True,True,203,207,126,138,True,True,,,,,,,,
target,149,BLIND_165CF1A08DFD5F2D,attempt_0001,0001,False,,VALID,,,,,,,,,,,960,True,True,187,189,78,84,True,False,,,,,,,,
target,150,BLIND_DC90D3EDFC1B8364,attempt_0002,0001,False,,VALID_WITH_NON_INVALIDATING_OUTER_ANOMALY,,,,,,,,,,,960,True,True,172,174,33,39,True,False,,,,,,,,
target,151,BLIND_7AE73B58BBBCF0EB,attempt_0001,0001,True,0001,VALID,45,True,True,True,180,240,57,237,True,False,960,True,True,163,194,6,99,True,False,,,,,0.119435626102,45,363,363
target,152,BLIND_AF7038688EDF29DD,attempt_0001,0001,False,,VALID,,,,,,,,,,,960,True,True,189,191,84,90,True,False,,,,,,,,
target,153,BLIND_BC9E9526420CA2A1,attempt_0001,0001,True,0001,VALID,43,True,True,True,210,230,147,207,False,False,960,True,True,189,205,84,132,True,True,,,,,0.115937615356,43,364,364
target,154,BLIND_6C13CE4FF1F68B01,attempt_0001,0001,False,,VALID,,,,,,,,,,,960,True,True,218,220,171,177,True,True,,,,,,,,
target,155,BLIND_E5ADF530ABA49BFC,attempt_0001,0001,False,,VALID,,,,,,,,,,,960,True,True,174,176,39,45,True,False,,,,,,,,
target,156,BLIND_B41D9740D0ACC851,attempt_0001,0001,False,,VALID,,,,,,,,,,,960,True,True,209,211,144,150,True,True,,,,,,,,
target,157,BLIND_B6D78464B45DECDE,attempt_0001,0001,False,,VALID,,,,,,,,,,,960,True,True,229,241,204,240,True,False,,,,,,,,
target,158,BLIND_C25C1BAEFC30BA1A,attempt_0001,0001,False,,VALID,,,,,,,,,,,960,True,True,193,195,96,102,True,False,,,,,,,,
target,159,BLIND_E32AA53D08E8BE69,attempt_0001,0001,False,,VALID,,,,,,,,,,,960,True,True,190,197,87,108,True,False,,,,,,,,
target,160,BLIND_937F21D3F64DE504,attempt_0001,0001,False,,VALID,,,,,,,,,,,960,True,True,171,209,30,144,True,False,,,,,,,,
target,161,BLIND_F78A0CA51660BD99,attempt_0001,0001,False,,VALID,,,,,,,,,,,960,True,True,203,205,126,132,True,False,,,,,,,,
target,162,BLIND_106271CACE1A99EB,attempt_0001,0001,False,,VALID,,,,,,,,,,,960,True,True,177,211,48,150,True,True,,,,,,,,
target,163,BLIND_EAE02121DBE1B8D7,attempt_0001,0001,False,,VALID,,,,,,,,,,,960,True,True,187,193,78,96,True,False,,,,,,,,
target,164,BLIND_C5798DE7259F44BF,attempt_0001,0001,False,,VALID,,,,,,,,,,,960,True,True,171,203,30,126,False,False,,,,,,,,
target,165,BLIND_08E8275A271B0257,attempt_0001,0001,False,,VALID,,,,,,,,,,,960,True,True,183,187,66,78,True,False,,,,,,,,
target,166,BLIND_7B5003FE18062E63,attempt_0001,0001,False,,VALID,,,,,,,,,,,960,True,True,177,179,48,54,True,False,,,,,,,,
target,167,BLIND_E6E2251BFDBCF04B,attempt_0001,0001,False,,VALID,,,,,,,,,,,960,True,True,167,229,18,204,True,False,,,,,,,,
target,168,BLIND_C3DFE922CC6D999F,attempt_0001,0001,False,,VALID,,,,,,,,,,,960,True,True,207,227,138,198,False,False,,,,,,,,
target,169,BLIND_4CD99B0659D86C15,attempt_0001,0001,False,,VALID,,,,,,,,,,,960,True,True,196,198,105,111,True,False,,,,,,,,
target,170,BLIND_148FD7DD45304CF7,attempt_0001,0001,False,,VALID,,,,,,,,,,,960,True,True,161,207,0,138,True,True,,,,,,,,
target,171,BLIND_E5B19F2F02B43FF9,attempt_0001,0001,False,,VALID,,,,,,,,,,,960,True,True,175,185,42,72,True,False,,,,,,,,
target,172,BLIND_0AAD59862EB3E90D,attempt_0001,0001,False,,VALID,,,,,,,,,,,960,True,True,226,228,195,201,False,False,,,,,,,,
target,173,BLIND_A6B893C57E70DD6E,attempt_0001,0001,False,,VALID,,,,,,,,,,,960,True,True,183,185,66,72,False,False,,,,,,,,
target,174,BLIND_55ABD540D069DB5E,attempt_0001,0001,False,,VALID,,,,,,,,,,,960,True,True,165,193,12,96,True,False,,,,,,,,
target,175,BLIND_269C022CAC9BFE83,attempt_0001,0001,False,,VALID,,,,,,,,,,,960,True,True,232,271,213,330,True,True,,,,,,,,
target,176,BLIND_F0469E2215E4F916,attempt_0001,0001,False,,VALID,,,,,,,,,,,960,True,True,198,200,111,117,True,False,,,,,,,,
target,177,BLIND_975A05773353321C,attempt_0001,0001,False,,VALID,,,,,,,,,,,960,True,True,189,193,84,96,True,False,,,,,,,,
target,178,BLIND_1188812E503EED3B,attempt_0001,0001,False,,VALID,,,,,,,,,,,960,True,True,175,177,42,48,False,False,,,,,,,,
target,179,BLIND_7D95AE18CED80011,attempt_0001,0001,False,,VALID,,,,,,,,,,,960,True,True,161,195,0,102,True,False,,,,,,,,
target,180,BLIND_EB7B742E735E47F2,attempt_0001,0001,False,,VALID,,,,,,,,,,,960,True,True,221,223,180,186,True,True,,,,,,,,
target,181,BLIND_07031A2598886BC1,attempt_0001,0001,False,,VALID,,,,,,,,,,,960,True,True,185,191,72,90,True,False,,,,,,,,
target,182,BLIND_3663DB8A3ED32803,attempt_0001,0001,False,,VALID,,,,,,,,,,,960,True,True,171,173,30,36,True,False,,,,,,,,
target,183,BLIND_4F70A8006B66A0B8,attempt_0001,0001,True,0001,VALID,48,True,True,True,235,255,222,282,False,False,960,True,True,192,203,93,126,False,False,,,,,0.109259259259,48,405,405
target,184,BLIND_52253E9602FAE63D,attempt_0001,0001,False,,VALID,,,,,,,,,,,960,True,True,207,209,138,144,True,False,,,,,,,,
target,185,BLIND_E0E8B4041A45C294,attempt_0001,0001,True,0001,VALID,54,True,True,True,200,285,117,372,True,False,960,True,True,193,195,96,102,True,False,,,,,0.195267489712,54,409,409
target,186,BLIND_ACCD8670C335417E,attempt_0001,0001,False,,VALID,,,,,,,,,,,960,True,True,189,191,84,90,True,False,,,,,,,,
target,187,BLIND_7BA4FEB32644447E,attempt_0001,0001,False,,VALID,,,,,,,,,,,960,True,True,195,205,102,132,True,False,,,,,,,,
target,188,BLIND_27D8FA8BB7896EB6,attempt_0001,0001,False,,VALID,,,,,,,,,,,960,True,True,257,259,288,294,False,False,,,,,,,,
target,189,BLIND_1A6C1B82F504073B,attempt_0001,0001,False,,VALID,,,,,,,,,,,960,True,True,195,201,102,120,False,False,,,,,,,,
target,190,BLIND_5CA738B64BED1A8C,attempt_0001,0001,False,,VALID,,,,,,,,,,,960,True,True,165,229,12,204,True,False,,,,,,,,
target,191,BLIND_1FB0E244D4ACF31C,attempt_0001,0001,False,,VALID,,,,,,,,,,,960,True,True,177,179,48,54,True,True,,,,,,,,
target,192,BLIND_288A263780844E06,attempt_0001,0001,False,,VALID,,,,,,,,,,,960,True,True,212,214,153,159,True,False,,,,,,,,
target,193,BLIND_55FFD345843005DE,attempt_0001,0001,False,,VALID,,,,,,,,,,,960,True,True,177,182,48,63,True,False,,,,,,,,
target,194,BLIND_393810D89DF80FFB,attempt_0001,0001,True,0001,VALID,50,True,True,True,230,265,207,312,False,False,960,True,True,205,215,132,162,True,False,,,,,0.0997777777778,50,402,402
target,195,BLIND_015A505E6431F040,attempt_0001,0001,False,,VALID,,,,,,,,,,,960,True,True,193,195,96,102,True,True,,,,,,,,
target,196,BLIND_BCF23E70095570D5,attempt_0001,0001,False,,VALID,,,,,,,,,,,960,True,True,185,187,72,78,True,True,,,,,,,,
target,197,BLIND_DCFCAAFCD6E69C4C,attempt_0001,0001,False,,VALID,,,,,,,,,,,960,True,True,171,173,30,36,True,False,,,,,,,,
target,198,BLIND_3ACC98D39C3E780F,attempt_0001,0001,False,,VALID,,,,,,,,,,,960,True,True,187,189,78,84,True,True,,,,,,,,
target,199,BLIND_9B7A844F84DD4400,attempt_0001,0001,False,,VALID,,,,,,,,,,,960,True,True,161,163,0,6,True,True,,,,,,,,
target,200,BLIND_FEB29A4FD2E51614,attempt_0001,0001,False,,VALID,,,,,,,,,,,960,True,True,161,163,0,6,True,True,,,,,,,,
target,201,BLIND_7D6D4241013AF2A0,attempt_0001,0001,False,,VALID,,,,,,,,,,,960,True,True,201,203,120,126,True,True,,,,,,,,
target,202,BLIND_CA000FEA8FEF1308,attempt_0001,0001,False,,VALID,,,,,,,,,,,960,True,True,171,193,30,96,True,True,,,,,,,,
target,203,BLIND_2CCAD0E17C5E6A45,attempt_0001,0001,False,,VALID,,,,,,,,,,,960,True,True,185,213,72,156,True,False,,,,,,,,
target,204,BLIND_46A8CB322A3698BB,attempt_0001,0001,False,,VALID,,,,,,,,,,,960,True,True,195,200,102,117,True,False,,,,,,,,
target,205,BLIND_97D777C894E8E814,attempt_0001,0001,True,0001,VALID,49,True,True,True,165,260,12,297,True,False,960,True,True,196,198,105,111,False,False,,,,,0.174287333981,49,382,382
target,206,BLIND_10246857530E5F41,attempt_0001,0001,False,,VALID,,,,,,,,,,,960,True,True,201,205,120,132,False,False,,,,,,,,
target,207,BLIND_FA8C2E796DB2420D,attempt_0001,0001,False,,VALID,,,,,,,,,,,960,True,True,199,201,114,120,True,False,,,,,,,,
target,208,BLIND_849BDB20F9430828,attempt_0001,0001,False,,VALID,,,,,,,,,,,960,True,True,177,179,48,54,True,False,,,,,,,,
target,209,BLIND_8553EA61CE7B885D,attempt_0001,0001,False,,VALID,,,,,,,,,,,960,True,True,167,207,18,138,True,False,,,,,,,,
target,210,BLIND_4DD14D3723AF502A,attempt_0001,0001,False,,VALID,,,,,,,,,,,960,True,True,176,178,45,51,True,False,,,,,,,,
target,211,BLIND_7E8CF1F5294FBE23,attempt_0001,0001,False,,VALID,,,,,,,,,,,960,True,True,163,183,6,66,True,False,,,,,,,,
target,212,BLIND_0157F7BD5A811B3B,attempt_0001,0001,False,,VALID,,,,,,,,,,,960,True,True,221,227,180,198,True,False,,,,,,,,
target,213,BLIND_D389F3E2007A54F0,attempt_0001,0001,False,,VALID,,,,,,,,,,,960,True,True,211,215,150,162,False,False,,,,,,,,
target,214,BLIND_BD4269C332BF8BE2,attempt_0001,0001,False,,VALID,,,,,,,,,,,960,True,True,197,211,108,150,False,False,,,,,,,,
target,215,BLIND_4BD5D0A835ADA248,attempt_0001,0001,False,,VALID,,,,,,,,,,,960,True,True,181,211,60,150,True,True,,,,,,,,
target,216,BLIND_0082697F5BDEDD4F,attempt_0001,0001,False,,VALID,,,,,,,,,,,960,True,True,169,201,24,120,True,False,,,,,,,,
target,217,BLIND_472F2FD98DD31DB9,attempt_0001,0001,False,,VALID,,,,,,,,,,,960,True,True,221,225,180,192,True,False,,,,,,,,
target,218,BLIND_A7A2C0F0EB6458C9,attempt_0001,0001,False,,VALID,,,,,,,,,,,960,True,True,191,193,90,96,True,False,,,,,,,,
target,219,BLIND_7B4D112BC484109C,attempt_0001,0001,False,,VALID,,,,,,,,,,,960,True,True,199,201,114,120,True,False,,,,,,,,
target,220,BLIND_BA49AA4DA1C6DD82,attempt_0001,0001,False,,VALID,,,,,,,,,,,960,True,True,187,191,78,90,True,False,,,,,,,,
target,221,BLIND_8B2E9B412C74DF7C,attempt_0001,0001,False,,VALID,,,,,,,,,,,960,True,True,175,193,42,96,True,True,,,,,,,,
target,222,BLIND_31913F7645B36EBB,attempt_0001,0001,False,,VALID,,,,,,,,,,,960,True,True,171,175,30,42,True,True,,,,,,,,
target,223,BLIND_5C36A5428EEFBD1C,attempt_0001,0001,False,,VALID,,,,,,,,,,,960,True,True,205,207,132,138,True,False,,,,,,,,
target,224,BLIND_5E5A8ED0A7F3549B,attempt_0001,0001,False,,VALID,,,,,,,,,,,960,True,True,231,235,210,222,True,False,,,,,,,,
target,225,BLIND_D9CF2050F5E25D7C,attempt_0001,0001,True,0001,VALID,55,True,True,True,220,290,177,387,False,False,960,True,True,183,185,66,72,True,False,,,,,0.220555555556,55,453,453
target,226,BLIND_07D0EFF31A63ECD9,attempt_0001,0001,False,,VALID,,,,,,,,,,,960,True,True,219,221,174,180,True,False,,,,,,,,
target,227,BLIND_4110B60FC433E064,attempt_0001,0001,True,0001,VALID,48,True,True,True,210,255,147,282,True,False,960,True,True,165,203,12,126,True,False,,,,,0.120833333333,48,398,398
target,228,BLIND_C9C2829D916E9E08,attempt_0001,0001,False,,VALID,,,,,,,,,,,960,True,True,193,195,96,102,True,False,,,,,,,,
target,229,BLIND_68AC3C8D8AB433E5,attempt_0001,0001,False,,VALID,,,,,,,,,,,960,True,True,195,215,102,162,True,False,,,,,,,,
target,230,BLIND_B8FAC9E8D1E38860,attempt_0001,0001,False,,VALID,,,,,,,,,,,960,True,True,185,187,72,78,True,True,,,,,,,,
target,231,BLIND_4AA058C3A7C9599A,attempt_0001,0001,False,,VALID,,,,,,,,,,,960,True,True,201,203,120,126,False,False,,,,,,,,
target,232,BLIND_FF814729D3BC3BD9,attempt_0001,0001,False,,VALID,,,,,,,,,,,960,True,True,197,199,108,114,True,False,,,,,,,,
target,233,BLIND_F627695720596B1C,attempt_0001,0001,False,,VALID,,,,,,,,,,,960,True,True,199,205,114,132,True,True,,,,,,,,
target,234,BLIND_363C410F8CDDE754,attempt_0001,0001,False,,VALID,,,,,,,,,,,960,True,True,173,197,36,108,True,True,,,,,,,,
target,235,BLIND_006200BC771510BB,attempt_0001,0001,False,,VALID,,,,,,,,,,,960,True,True,211,237,150,228,False,False,,,,,,,,
target,236,BLIND_DA89956669DB988F,attempt_0001,0001,False,,VALID,,,,,,,,,,,960,True,True,181,205,60,132,False,False,,,,,,,,
target,237,BLIND_9C657E3FE7560550,attempt_0001,0001,False,,VALID,,,,,,,,,,,960,True,True,179,181,54,60,True,False,,,,,,,,
target,238,BLIND_AC6C11B14CF3E5AA,attempt_0001,0001,False,,VALID,,,,,,,,,,,960,True,True,209,211,144,150,True,True,,,,,,,,
target,239,BLIND_4BF2ED71A462B5E9,attempt_0001,0001,False,,VALID,,,,,,,,,,,960,True,True,195,197,102,108,True,True,,,,,,,,
target,240,BLIND_D6D03DD820296FDE,attempt_0001,0001,True,0001,VALID,56,True,True,True,195,295,102,402,True,True,960,True,True,223,225,186,192,True,False,,,,,0.228337585034,56,489,489
target,241,BLIND_AB9F327D062EFDC4,attempt_0001,0001,False,,VALID,,,,,,,,,,,960,True,True,199,201,114,120,True,False,,,,,,,,
target,242,BLIND_23F54007FD62D1F9,attempt_0001,0001,False,,VALID,,,,,,,,,,,960,True,True,197,203,108,126,True,False,,,,,,,,
target,243,BLIND_CC40DC263CF35A8C,attempt_0001,0001,False,,VALID,,,,,,,,,,,960,True,True,181,209,60,144,True,True,,,,,,,,
target,244,BLIND_E73DC11415EE060E,attempt_0001,0001,False,,VALID,,,,,,,,,,,960,True,True,205,209,132,144,True,False,,,,,,,,
target,245,BLIND_7451A95C68680910,attempt_0001,0001,False,,VALID,,,,,,,,,,,960,True,True,181,187,60,78,False,False,,,,,,,,
target,246,BLIND_E63F7E9C44AD94D5,attempt_0001,0001,False,,VALID,,,,,,,,,,,960,True,True,189,219,84,174,True,True,,,,,,,,
target,247,BLIND_6CB60894DAD65155,attempt_0001,0001,False,,VALID,,,,,,,,,,,960,True,True,170,172,27,33,False,False,,,,,,,,
target,248,BLIND_9214D67DE51A63D2,attempt_0001,0001,False,,VALID,,,,,,,,,,,960,True,True,180,182,57,63,True,False,,,,,,,,
target,249,BLIND_939B0EE224076DB2,attempt_0001,0001,False,,VALID,,,,,,,,,,,960,True,True,179,181,54,60,True,False,,,,,,,,
target,250,BLIND_D24521F9E2248E7B,attempt_0001,0001,False,,VALID,,,,,,,,,,,960,True,True,187,191,78,90,False,False,,,,,,,,
target,251,BLIND_1C3C80E42DF449BA,attempt_0001,0001,False,,VALID,,,,,,,,,,,960,True,True,195,203,102,126,True,False,,,,,,,,
target,252,BLIND_144B049E03B728E9,attempt_0001,0001,False,,VALID,,,,,,,,,,,960,True,True,178,193,51,96,False,False,,,,,,,,
target,253,BLIND_116E8014ED2B1DC9,attempt_0001,0001,False,,VALID,,,,,,,,,,,960,True,True,191,201,90,120,True,False,,,,,,,,
target,254,BLIND_5FB6A077D1E72E74,attempt_0001,0001,False,,VALID,,,,,,,,,,,960,True,True,193,195,96,102,True,True,,,,,,,,
target,255,BLIND_D6F702694D67123F,attempt_0001,0001,False,,VALID,,,,,,,,,,,960,True,True,185,189,72,84,False,False,,,,,,,,
target,256,BLIND_9152A6778EBD0637,attempt_0001,0001,False,,VALID,,,,,,,,,,,960,True,True,165,185,12,72,True,False,,,,,,,,
target,257,BLIND_C9DF388699E134DE,attempt_0001,0001,False,,VALID,,,,,,,,,,,960,True,True,171,177,30,48,True,False,,,,,,,,
target,258,BLIND_599AB2FA1EDF1C7B,attempt_0001,0001,False,,VALID,,,,,,,,,,,960,True,True,195,197,102,108,True,False,,,,,,,,
target,259,BLIND_626598AAFE7235E4,attempt_0001,0001,False,,VALID,,,,,,,,,,,960,True,True,209,211,144,150,True,False,,,,,,,,
target,260,BLIND_B5EEA4508D588409,attempt_0001,0001,False,,VALID,,,,,,,,,,,960,True,True,181,199,60,114,True,False,,,,,,,,
target,261,BLIND_DF29E6188CC08865,attempt_0001,0001,False,,VALID,,,,,,,,,,,960,True,True,173,175,36,42,False,False,,,,,,,,
target,262,BLIND_6F3CD350554535AE,attempt_0001,0001,False,,VALID,,,,,,,,,,,960,True,True,165,208,12,141,False,False,,,,,,,,
target,263,BLIND_80FA45DE6C3E1F3D,attempt_0001,0001,False,,VALID,,,,,,,,,,,960,True,True,175,177,42,48,True,True,,,,,,,,
target,264,BLIND_0615D99EE0F04D08,attempt_0001,0001,False,,VALID,,,,,,,,,,,960,True,True,181,185,60,72,True,False,,,,,,,,
target,265,BLIND_96624AF5702FA9F1,attempt_0001,0001,False,,VALID,,,,,,,,,,,960,True,True,175,177,42,48,True,True,,,,,,,,
target,266,BLIND_F98EF91CA8E794FD,attempt_0001,0001,False,,VALID,,,,,,,,,,,960,True,True,185,189,72,84,False,False,,,,,,,,
target,267,BLIND_645BFCAC9B909554,attempt_0001,0001,False,,VALID,,,,,,,,,,,960,True,True,225,231,192,210,False,False,,,,,,,,
target,268,BLIND_0C0B87B2E275E83D,attempt_0001,0001,False,,VALID,,,,,,,,,,,960,True,True,199,201,114,120,True,False,,,,,,,,
target,269,BLIND_F03A841C8E966D3A,attempt_0001,0001,True,0001,VALID,48,True,True,True,165,255,12,282,False,False,960,True,True,205,207,132,138,True,False,,,,,0.103414351852,48,384,384
target,270,BLIND_5BDE76DD2984EDB4,attempt_0001,0001,False,,VALID,,,,,,,,,,,960,True,True,163,175,6,42,True,False,,,,,,,,
target,271,BLIND_3B52558FB4342BE3,attempt_0001,0001,False,,VALID,,,,,,,,,,,960,True,True,177,185,48,72,True,False,,,,,,,,
target,272,BLIND_E5517F0DF77112D4,attempt_0001,0001,False,,VALID,,,,,,,,,,,960,True,True,161,212,0,153,True,False,,,,,,,,
target,273,BLIND_FDAE959CD4DD85AE,attempt_0001,0001,False,,VALID,,,,,,,,,,,960,True,True,177,179,48,54,True,False,,,,,,,,
target,274,BLIND_30C4572365C6B53C,attempt_0001,0001,False,,VALID,,,,,,,,,,,960,True,True,161,209,0,144,True,True,,,,,,,,
target,275,BLIND_D596416B1E9180E9,attempt_0001,0001,False,,VALID,,,,,,,,,,,960,True,True,187,189,78,84,True,False,,,,,,,,
target,276,BLIND_7625D39761244021,attempt_0001,0001,False,,VALID,,,,,,,,,,,960,True,True,181,211,60,150,True,False,,,,,,,,
target,277,BLIND_0B84BB7F79227BDA,attempt_0001,0001,False,,VALID,,,,,,,,,,,960,True,True,197,199,108,114,True,False,,,,,,,,
target,278,BLIND_47253E505A75598E,attempt_0001,0001,False,,VALID,,,,,,,,,,,960,True,True,171,185,30,72,False,False,,,,,,,,
target,279,BLIND_AF2E08537976BB86,attempt_0001,0001,False,,VALID,,,,,,,,,,,960,True,True,196,198,105,111,True,True,,,,,,,,
target,280,BLIND_B8E95E509C3013AD,attempt_0001,0001,False,,VALID,,,,,,,,,,,960,True,True,196,198,105,111,True,False,,,,,,,,
target,281,BLIND_3FB866EEBB899056,attempt_0001,0001,False,,VALID,,,,,,,,,,,960,True,True,207,209,138,144,False,False,,,,,,,,
target,282,BLIND_63B5DBB604881AA3,attempt_0001,0001,False,,VALID,,,,,,,,,,,960,True,True,171,231,30,210,True,False,,,,,,,,
target,283,BLIND_A017724E195E17B4,attempt_0001,0001,False,,VALID,,,,,,,,,,,960,True,True,177,179,48,54,True,True,,,,,,,,
target,284,BLIND_E41FD9C83F78ADB0,attempt_0001,0001,False,,VALID,,,,,,,,,,,960,True,True,207,209,138,144,True,False,,,,,,,,
target,285,BLIND_CA5B17A36010A073,attempt_0001,0001,False,,VALID,,,,,,,,,,,960,True,True,162,227,3,198,True,False,,,,,,,,
target,286,BLIND_5FF50CCCC2B90669,attempt_0001,0001,False,,VALID,,,,,,,,,,,960,True,True,187,189,78,84,True,False,,,,,,,,
target,287,BLIND_CE295F24C4D2962F,attempt_0001,0001,False,,VALID,,,,,,,,,,,960,True,True,205,211,132,150,True,True,,,,,,,,
target,288,BLIND_F7FA69E9E2C9B150,attempt_0001,0001,False,,VALID,,,,,,,,,,,960,True,True,181,187,60,78,True,False,,,,,,,,
target,289,BLIND_6E289AA04599600B,attempt_0001,0001,False,,VALID,,,,,,,,,,,960,True,True,161,171,0,30,True,False,,,,,,,,
target,290,BLIND_A6ACE83D64AE52C3,attempt_0001,0001,True,0001,VALID,55,True,True,True,200,290,117,387,True,False,960,True,True,219,221,174,180,False,False,,,,,0.120735930736,55,439,439
target,291,BLIND_138001EB36EC7AE2,attempt_0001,0001,False,,VALID,,,,,,,,,,,960,True,True,201,205,120,132,True,False,,,,,,,,
target,292,BLIND_259B623276A599A2,attempt_0001,0001,False,,VALID,,,,,,,,,,,960,True,True,181,185,60,72,True,False,,,,,,,,
target,293,BLIND_8943471203A997B3,attempt_0001,0001,False,,VALID,,,,,,,,,,,960,True,True,187,189,78,84,True,False,,,,,,,,
target,294,BLIND_506DC6DA8E536656,attempt_0001,0001,False,,VALID,,,,,,,,,,,960,True,True,183,192,66,93,True,False,,,,,,,,
target,295,BLIND_469FC9AF2AADEBDF,attempt_0001,0001,False,,VALID,,,,,,,,,,,960,True,True,162,244,3,249,True,False,,,,,,,,
target,296,BLIND_C04D084A51C5761C,attempt_0001,0001,False,,VALID,,,,,,,,,,,960,True,True,196,198,105,111,True,False,,,,,,,,
target,297,BLIND_B1F37D69054E6572,attempt_0001,0001,False,,VALID,,,,,,,,,,,960,True,True,181,225,60,192,True,False,,,,,,,,
target,298,BLIND_91DDEE0E953878ED,attempt_0001,0001,True,0001,VALID,49,True,True,True,210,260,147,297,False,False,960,True,True,189,191,84,90,True,False,,,,,0.177842565598,49,377,376
target,299,BLIND_B0246D4C9D4556FC,attempt_0001,0001,False,,VALID,,,,,,,,,,,960,True,True,199,201,114,120,False,False,,,,,,,,
target,300,BLIND_26986673D9E04704,attempt_0001,0001,False,,VALID,,,,,,,,,,,960,True,True,168,191,21,90,True,False,,,,,,,,
target,301,BLIND_D55582813F1C2BAE,attempt_0001,0001,False,,VALID,,,,,,,,,,,960,True,True,162,164,3,9,False,False,,,,,,,,
target,302,BLIND_E84550DBAC9301D4,attempt_0001,0001,False,,VALID,,,,,,,,,,,960,True,True,187,189,78,84,True,False,,,,,,,,
target,303,BLIND_8E4047F8F4434311,attempt_0001,0001,False,,VALID,,,,,,,,,,,960,True,True,177,181,48,60,True,False,,,,,,,,
target,304,BLIND_5C35EF8F5128A995,attempt_0001,0001,False,,VALID,,,,,,,,,,,960,True,True,209,213,144,156,True,False,,,,,,,,
target,305,BLIND_DBD0B5270105BB97,attempt_0001,0001,False,,VALID,,,,,,,,,,,960,True,True,193,195,96,102,True,True,,,,,,,,
target,306,BLIND_ACE44993013977AF,attempt_0001,0001,False,,VALID,,,,,,,,,,,960,True,True,213,219,156,174,False,False,,,,,,,,
target,307,BLIND_7AA6A2298506EB23,attempt_0001,0001,False,,VALID,,,,,,,,,,,960,True,True,226,228,195,201,True,False,,,,,,,,
target,308,BLIND_65DE2913FAC1C918,attempt_0001,0001,False,,VALID,,,,,,,,,,,960,True,True,201,205,120,132,True,True,,,,,,,,
target,309,BLIND_B5B74020694B52A5,attempt_0001,0001,False,,VALID,,,,,,,,,,,960,True,True,183,189,66,84,True,False,,,,,,,,
target,310,BLIND_28F12FE79826EBF1,attempt_0001,0001,False,,VALID,,,,,,,,,,,960,True,True,161,185,0,72,True,False,,,,,,,,
target,311,BLIND_FD5FE40477348C80,attempt_0001,0001,False,,VALID,,,,,,,,,,,960,True,True,183,185,66,72,False,False,,,,,,,,
target,312,BLIND_4F21C7EF4CF18875,attempt_0001,0001,True,0001,VALID,51,True,True,True,215,270,162,327,True,False,960,True,True,203,207,126,138,True,False,,,,,0.103104575163,51,430,430
target,313,BLIND_96C78FF7E759B647,attempt_0001,0001,True,0001,VALID,41,True,True,True,200,220,117,177,True,False,960,True,True,179,183,54,66,True,True,,,,,0.145567169957,41,334,334
target,314,BLIND_6FFB714AEC06D56A,attempt_0001,0001,False,,VALID,,,,,,,,,,,960,True,True,161,177,0,48,True,False,,,,,,,,
target,315,BLIND_23BBFE3264EE2954,attempt_0001,0001,False,,VALID,,,,,,,,,,,960,True,True,183,185,66,72,True,False,,,,,,,,
target,316,BLIND_A5AC9DF2345520E7,attempt_0001,0001,False,,VALID,,,,,,,,,,,960,True,True,195,197,102,108,False,False,,,,,,,,
target,317,BLIND_E94C22A405B3148C,attempt_0001,0001,False,,VALID,,,,,,,,,,,960,True,True,193,197,96,108,False,False,,,,,,,,
target,318,BLIND_01ABC9B1117D3F74,attempt_0001,0001,False,,VALID,,,,,,,,,,,960,True,True,207,211,138,150,True,False,,,,,,,,
target,319,BLIND_92C72A9630A8BB9D,attempt_0001,0001,True,0001,VALID,44,True,True,True,175,235,42,222,True,False,960,True,True,183,185,66,72,True,False,,,,,0.178986291486,44,358,358
target,320,BLIND_D97B3727462BDEA4,attempt_0001,0001,False,,VALID,,,,,,,,,,,960,True,True,171,181,30,60,True,False,,,,,,,,
target,321,BLIND_0139AE7513BD8168,attempt_0001,0001,False,,VALID,,,,,,,,,,,960,True,True,178,241,51,240,True,False,,,,,,,,
target,322,BLIND_91CADED4E1974BF3,attempt_0001,0001,False,,VALID,,,,,,,,,,,960,True,True,212,214,153,159,True,False,,,,,,,,
target,323,BLIND_79637F73B336DC80,attempt_0001,0001,False,,VALID,,,,,,,,,,,960,True,True,161,181,0,60,True,False,,,,,,,,
target,324,BLIND_F794E5BC324D9BCC,attempt_0001,0001,False,,VALID,,,,,,,,,,,960,True,True,191,195,90,102,True,True,,,,,,,,
target,325,BLIND_EFC2DA19F819D0F7,attempt_0001,0001,False,,VALID,,,,,,,,,,,960,True,True,223,225,186,192,True,False,,,,,,,,
target,326,BLIND_34C5C596A6651223,attempt_0001,0001,False,,VALID,,,,,,,,,,,960,True,True,167,169,18,24,True,True,,,,,,,,
target,327,BLIND_9C843555C53AB15C,attempt_0001,0001,False,,VALID,,,,,,,,,,,960,True,True,171,175,30,42,True,True,,,,,,,,
target,328,BLIND_32BC3A2E551A156F,attempt_0001,0001,False,,VALID,,,,,,,,,,,960,True,True,205,219,132,174,True,False,,,,,,,,
target,329,BLIND_2850D5D42FD0DAB7,attempt_0001,0001,False,,VALID,,,,,,,,,,,960,True,True,209,211,144,150,True,True,,,,,,,,
target,330,BLIND_4832B3E92F10C678,attempt_0001,0001,False,,VALID,,,,,,,,,,,960,True,True,167,185,18,72,True,False,,,,,,,,
target,331,BLIND_9EA61F26D0B294B3,attempt_0001,0001,False,,VALID,,,,,,,,,,,960,True,True,173,213,36,156,True,False,,,,,,,,
target,332,BLIND_61E5316687ECC983,attempt_0001,0001,False,,VALID,,,,,,,,,,,960,True,True,172,211,33,150,True,False,,,,,,,,
target,333,BLIND_6F0BE62D885523E0,attempt_0001,0001,False,,VALID,,,,,,,,,,,960,True,True,171,201,30,120,True,False,,,,,,,,
target,334,BLIND_FB6859A0A9C17802,attempt_0001,0001,False,,VALID,,,,,,,,,,,960,True,True,162,229,3,204,True,False,,,,,,,,
target,335,BLIND_A0601AB68B017F12,attempt_0001,0001,False,,VALID,,,,,,,,,,,960,True,True,164,223,9,186,False,False,,,,,,,,
target,336,BLIND_B56C6107D6A1CDEC,attempt_0001,0001,False,,VALID,,,,,,,,,,,960,True,True,175,197,42,108,True,False,,,,,,,,
target,337,BLIND_25B9BC3941906EDF,attempt_0001,0001,False,,VALID,,,,,,,,,,,960,True,True,183,185,66,72,True,False,,,,,,,,
target,338,BLIND_61B91CD7E3E42628,attempt_0001,0001,True,0001,VALID,42,True,True,True,180,225,57,192,True,False,960,True,True,189,193,84,96,True,True,,,,,0.149470899471,42,360,360
target,339,BLIND_54ECDB8250870E8A,attempt_0001,0001,False,,VALID,,,,,,,,,,,960,True,True,221,225,180,192,True,False,,,,,,,,
target,340,BLIND_982C7418CDCFD818,attempt_0001,0001,False,,VALID,,,,,,,,,,,960,True,True,177,179,48,54,True,True,,,,,,,,
target,341,BLIND_9468DA55FF7E6D00,attempt_0001,0001,False,,VALID,,,,,,,,,,,960,True,True,217,219,168,174,True,True,,,,,,,,
target,342,BLIND_CB8691F17C38FE65,attempt_0001,0001,False,,VALID,,,,,,,,,,,960,True,True,181,187,60,78,True,False,,,,,,,,
target,343,BLIND_11B94F8ED31AEAB4,attempt_0001,0001,True,0001,VALID,69,True,True,True,190,360,87,597,True,False,960,True,True,193,195,96,102,True,False,,,,,0.156884057971,69,510,510
target,344,BLIND_4C8561B9D49E9EDD,attempt_0001,0001,False,,VALID,,,,,,,,,,,960,True,True,195,197,102,108,True,False,,,,,,,,
target,345,BLIND_5776D508FC10358F,attempt_0001,0001,False,,VALID,,,,,,,,,,,960,True,True,209,215,144,162,False,False,,,,,,,,
target,346,BLIND_1AC1061A23843F95,attempt_0001,0001,False,,VALID,,,,,,,,,,,960,True,True,165,231,12,210,True,False,,,,,,,,
target,347,BLIND_A4E6639C29BE9EB3,attempt_0001,0001,False,,VALID,,,,,,,,,,,960,True,True,161,179,0,54,True,False,,,,,,,,
target,348,BLIND_D92B89F77FFA24B0,attempt_0001,0001,False,,VALID,,,,,,,,,,,960,True,True,161,218,0,171,True,True,,,,,,,,
target,349,BLIND_9A469FE6795E6B52,attempt_0001,0001,False,,VALID,,,,,,,,,,,960,True,True,215,229,162,204,True,False,,,,,,,,
target,350,BLIND_44B8BB8C55E48FA5,attempt_0001,0001,False,,VALID,,,,,,,,,,,960,True,True,180,182,57,63,True,False,,,,,,,,
target,351,BLIND_3C15EABE6DBEFE8B,attempt_0001,0001,False,,VALID,,,,,,,,,,,960,True,True,167,230,18,207,True,False,,,,,,,,
target,352,BLIND_CFE1744E0E2F2918,attempt_0001,0001,False,,VALID,,,,,,,,,,,960,True,True,191,193,90,96,True,False,,,,,,,,
target,353,BLIND_32B8647B52AE0E39,attempt_0001,0001,False,,VALID,,,,,,,,,,,960,True,True,171,211,30,150,True,True,,,,,,,,
target,354,BLIND_3CD9B869981F7269,attempt_0001,0001,False,,VALID,,,,,,,,,,,960,True,True,173,188,36,81,True,False,,,,,,,,
target,355,BLIND_6F98D883A4C6C2FB,attempt_0001,0001,False,,VALID,,,,,,,,,,,960,True,True,161,205,0,132,True,False,,,,,,,,
target,356,BLIND_83485C74B4F04C2C,attempt_0001,0001,False,,VALID,,,,,,,,,,,960,True,True,187,189,78,84,False,False,,,,,,,,
target,357,BLIND_38BFF4400CCE1ABE,attempt_0001,0001,True,0001,VALID,47,True,True,True,225,250,192,267,False,False,960,True,True,209,221,144,180,True,False,,,,,0.0774822695035,47,404,404
target,358,BLIND_CA75DFF93D93474D,attempt_0001,0001,False,,VALID,,,,,,,,,,,960,True,True,169,233,24,216,True,False,,,,,,,,
target,359,BLIND_E1EB3D0196891BFC,attempt_0001,0001,False,,VALID,,,,,,,,,,,960,True,True,183,185,66,72,True,False,,,,,,,,
target,360,BLIND_D8E3196FEE6269C2,attempt_0001,0001,False,,VALID,,,,,,,,,,,960,True,True,191,197,90,108,False,False,,,,,,,,
target,361,BLIND_23786FA4B776167B,attempt_0001,0001,False,,VALID,,,,,,,,,,,960,True,True,191,193,90,96,True,False,,,,,,,,
target,362,BLIND_789077318C4D44B6,attempt_0001,0001,False,,VALID,,,,,,,,,,,960,True,True,181,185,60,72,True,False,,,,,,,,
target,363,BLIND_D8879BF3090D57C1,attempt_0001,0001,False,,VALID,,,,,,,,,,,960,True,True,215,217,162,168,False,False,,,,,,,,
target,364,BLIND_745E47E9AC1C0A6B,attempt_0001,0001,False,,VALID,,,,,,,,,,,960,True,True,201,203,120,126,True,False,,,,,,,,
target,365,BLIND_CDF7DED4E0938201,attempt_0001,0001,False,,VALID,,,,,,,,,,,960,True,True,187,253,78,276,True,False,,,,,,,,
target,366,BLIND_43DBD61CACEF3E9B,attempt_0001,0001,False,,VALID,,,,,,,,,,,960,True,True,189,191,84,90,True,True,,,,,,,,
target,367,BLIND_E8341EA68C5E23E1,attempt_0001,0001,False,,VALID,,,,,,,,,,,960,True,True,204,243,129,246,True,False,,,,,,,,
target,368,BLIND_430BE6A39E82892B,attempt_0001,0001,True,0001,VALID,48,True,True,True,170,255,27,282,True,False,960,True,True,209,211,144,150,True,False,,,,,0.178232473545,48,371,371
target,369,BLIND_A79B885BFE85888C,attempt_0001,0001,False,,VALID,,,,,,,,,,,960,True,True,171,173,30,36,True,True,,,,,,,,
target,370,BLIND_8840ABB391CB01BE,attempt_0001,0001,True,0001,VALID,52,True,True,True,255,275,282,342,True,False,960,True,True,167,221,18,180,True,False,,,,,0.124793956044,52,429,429
target,371,BLIND_DDD208F655DF7A4A,attempt_0001,0001,False,,VALID,,,,,,,,,,,960,True,True,177,212,48,153,True,True,,,,,,,,
target,372,BLIND_6D33C946D3E7AAC7,attempt_0001,0001,False,,VALID,,,,,,,,,,,960,True,True,189,203,84,126,True,False,,,,,,,,
target,373,BLIND_36976E3B8D71A9B7,attempt_0001,0001,False,,VALID,,,,,,,,,,,960,True,True,216,218,165,171,True,True,,,,,,,,
target,374,BLIND_A98C3D580C69E768,attempt_0001,0001,False,,VALID,,,,,,,,,,,960,True,True,161,177,0,48,True,False,,,,,,,,
target,375,BLIND_512CD3D45CD04C72,attempt_0001,0001,False,,VALID,,,,,,,,,,,960,True,True,207,209,138,144,True,False,,,,,,,,
target,376,BLIND_0FB2E836E14C5F50,attempt_0001,0001,False,,VALID,,,,,,,,,,,960,True,True,209,211,144,150,True,True,,,,,,,,
target,377,BLIND_7B5E407E2676B1B6,attempt_0001,0001,True,0001,VALID,51,True,True,True,165,270,12,327,True,False,960,True,True,205,210,132,147,True,False,,,,,0.132492997199,51,441,441
target,378,BLIND_2D44A68A4C55FDC0,attempt_0001,0001,False,,VALID,,,,,,,,,,,960,True,True,195,197,102,108,True,False,,,,,,,,
target,379,BLIND_9BF7B5209D4D4EC3,attempt_0001,0001,False,,VALID,,,,,,,,,,,960,True,True,161,227,0,198,True,False,,,,,,,,
target,380,BLIND_6EACC0386A08559E,attempt_0001,0001,False,,VALID,,,,,,,,,,,960,True,True,207,209,138,144,False,False,,,,,,,,
target,381,BLIND_47C29BF08B6DE791,attempt_0001,0001,False,,VALID,,,,,,,,,,,960,True,True,184,186,69,75,False,False,,,,,,,,
target,382,BLIND_202B4F6A2B1C2CF8,attempt_0001,0001,False,,VALID,,,,,,,,,,,960,True,True,161,165,0,12,True,True,,,,,,,,
target,383,BLIND_5AC71B39EC1C7968,attempt_0001,0001,False,,VALID,,,,,,,,,,,960,True,True,207,209,138,144,True,True,,,,,,,,
target,384,BLIND_9C84AA76F2824A7C,attempt_0001,0001,False,,VALID,,,,,,,,,,,960,True,True,195,201,102,120,True,False,,,,,,,,
target,385,BLIND_75F6426719D73510,attempt_0001,0001,False,,VALID,,,,,,,,,,,960,True,True,183,185,66,72,False,False,,,,,,,,
target,386,BLIND_D727E81E5A74F87E,attempt_0001,0001,False,,VALID,,,,,,,,,,,960,True,True,195,199,102,114,True,False,,,,,,,,
target,387,BLIND_B55A9AFB34D51C72,attempt_0001,0001,False,,VALID,,,,,,,,,,,960,True,True,161,209,0,144,True,True,,,,,,,,
target,388,BLIND_BF793AAF57CAEF46,attempt_0001,0001,True,0001,VALID,57,True,True,True,225,300,192,417,True,False,960,True,True,177,213,48,156,True,False,,,,,0.13895154553,57,444,444
target,389,BLIND_8D6DBECC73617681,attempt_0001,0001,False,,VALID,,,,,,,,,,,960,True,True,169,171,24,30,True,False,,,,,,,,
target,390,BLIND_D3943249BFF20632,attempt_0001,0001,True,0001,VALID,49,True,True,True,240,260,237,297,True,False,960,True,True,191,209,90,144,True,False,,,,,0.141852931649,49,394,394
target,391,BLIND_D297EB7A9CE4563F,attempt_0001,0001,False,,VALID,,,,,,,,,,,960,True,True,201,203,120,126,True,False,,,,,,,,
target,392,BLIND_5AAD059450EB28E8,attempt_0001,0001,False,,VALID,,,,,,,,,,,960,True,True,180,182,57,63,False,False,,,,,,,,
target,393,BLIND_C0FEE8B56530A454,attempt_0001,0001,False,,VALID,,,,,,,,,,,960,True,True,184,186,69,75,True,False,,,,,,,,
target,394,BLIND_19957C828B59224B,attempt_0001,0001,False,,VALID,,,,,,,,,,,960,True,True,181,221,60,180,True,True,,,,,,,,
target,395,BLIND_058D4DED97B76B5D,attempt_0001,0001,False,,VALID,,,,,,,,,,,960,True,True,235,237,222,228,True,False,,,,,,,,
target,396,BLIND_9F0FBF669F8E5F03,attempt_0001,0001,False,,VALID,,,,,,,,,,,960,True,True,161,203,0,126,True,False,,,,,,,,
target,397,BLIND_CB89022C8A7FB16A,attempt_0001,0001,False,,VALID,,,,,,,,,,,960,True,True,187,191,78,90,True,True,,,,,,,,
target,398,BLIND_D9271C8571D4226F,attempt_0001,0001,False,,VALID,,,,,,,,,,,960,True,True,189,191,84,90,False,False,,,,,,,,
target,399,BLIND_2A14BFF0F4F513A2,attempt_0001,0001,True,0001,VALID,45,True,True,True,180,240,57,237,False,False,960,True,True,177,179,48,54,True,False,,,,,0.180026455026,45,387,387
target,400,BLIND_CE18F36322FD01E2,attempt_0001,0001,False,,VALID,,,,,,,,,,,960,True,True,168,189,21,84,True,False,,,,,,,,
target,401,BLIND_B14216C498EB98F2,attempt_0001,0001,True,0001,VALID,40,True,True,True,190,215,87,162,True,False,960,True,True,177,179,48,54,False,False,,,,,0.140843253968,40,315,315
target,402,BLIND_660E2886190D4842,attempt_0002,0001,False,,VALID,,,,,,,,,,,960,True,True,211,213,150,156,True,False,,,,,,,,
target,403,BLIND_8984B4E7B12C601F,attempt_0001,0001,False,,VALID,,,,,,,,,,,960,True,True,175,193,42,96,True,False,,,,,,,,
target,404,BLIND_5330EF27E3861F92,attempt_0001,0001,False,,VALID,,,,,,,,,,,960,True,True,161,198,0,111,True,True,,,,,,,,
target,405,BLIND_8710AA9A92FE1AE6,attempt_0001,0001,False,,VALID,,,,,,,,,,,960,True,True,218,220,171,177,True,False,,,,,,,,
target,406,BLIND_A35C0E7F06D00E8E,attempt_0001,0001,False,,VALID,,,,,,,,,,,960,True,True,195,197,102,108,False,False,,,,,,,,
target,407,BLIND_B08C41DF26170665,attempt_0001,0001,False,,VALID,,,,,,,,,,,960,True,True,179,185,54,72,True,False,,,,,,,,
target,408,BLIND_712646D08108D795,attempt_0001,0001,False,,VALID,,,,,,,,,,,960,True,True,187,189,78,84,True,True,,,,,,,,
target,409,BLIND_73BED68AB946955D,attempt_0001,0001,False,,VALID,,,,,,,,,,,960,True,True,215,217,162,168,True,False,,,,,,,,
target,410,BLIND_670B6BDED63657F0,attempt_0001,0001,False,,VALID,,,,,,,,,,,960,True,True,175,181,42,60,True,True,,,,,,,,
target,411,BLIND_C6906529EDB004C5,attempt_0001,0001,False,,VALID,,,,,,,,,,,960,True,True,185,187,72,78,False,False,,,,,,,,
target,412,BLIND_EAC420CCC54B6B65,attempt_0001,0001,False,,VALID,,,,,,,,,,,960,True,True,191,205,90,132,True,True,,,,,,,,
target,413,BLIND_13CA7C6AE1D3BE86,attempt_0001,0001,False,,VALID,,,,,,,,,,,960,True,True,175,177,42,48,True,False,,,,,,,,
target,414,BLIND_5DE516E628EA1E0F,attempt_0001,0001,False,,VALID,,,,,,,,,,,960,True,True,173,175,36,42,True,False,,,,,,,,
target,415,BLIND_05E7F67D57519489,attempt_0001,0001,False,,VALID,,,,,,,,,,,960,True,True,177,191,48,90,True,False,,,,,,,,
target,416,BLIND_E7503A0F95C29EC0,attempt_0001,0001,False,,VALID,,,,,,,,,,,960,True,True,203,205,126,132,True,False,,,,,,,,
target,417,BLIND_BF77D1805E03681F,attempt_0001,0001,False,,VALID,,,,,,,,,,,960,True,True,205,207,132,138,True,False,,,,,,,,
target,418,BLIND_AAF63A14BBB10373,attempt_0001,0001,False,,VALID,,,,,,,,,,,960,True,True,199,215,114,162,True,True,,,,,,,,
target,419,BLIND_68CA845CA775479B,attempt_0001,0001,False,,VALID,,,,,,,,,,,960,True,True,174,192,39,93,True,False,,,,,,,,
target,420,BLIND_5F767F6A7B75927E,attempt_0001,0001,False,,VALID,,,,,,,,,,,960,True,True,167,169,18,24,True,True,,,,,,,,
target,421,BLIND_BE8B468587C38F70,attempt_0001,0001,False,,VALID,,,,,,,,,,,960,True,True,176,178,45,51,True,True,,,,,,,,
target,422,BLIND_A8EE38DF09696455,attempt_0001,0001,False,,VALID,,,,,,,,,,,960,True,True,171,216,30,165,True,False,,,,,,,,
target,423,BLIND_C4BDF8E5E88735FB,attempt_0001,0001,True,0001,VALID,54,True,True,True,170,285,27,372,False,False,960,True,True,207,209,138,144,True,False,,,,,0.125367430923,54,418,418
target,424,BLIND_48B188DD15F53207,attempt_0001,0001,False,,VALID,,,,,,,,,,,960,True,True,167,203,18,126,True,True,,,,,,,,
target,425,BLIND_1E92BE416B37A595,attempt_0001,0001,True,0001,VALID,48,True,True,True,205,255,132,282,True,False,960,True,True,169,207,24,138,True,False,,,,,0.127380952381,48,382,382
target,426,BLIND_CD38523C016CA1B7,attempt_0001,0001,False,,VALID,,,,,,,,,,,960,True,True,177,185,48,72,True,False,,,,,,,,
target,427,BLIND_36290CD7520A93FE,attempt_0001,0001,False,,VALID,,,,,,,,,,,960,True,True,178,185,51,72,True,True,,,,,,,,
target,428,BLIND_BAE0671F3EC2B59E,attempt_0001,0001,False,,VALID,,,,,,,,,,,960,True,True,197,199,108,114,True,False,,,,,,,,
target,429,BLIND_4244F8E78F5BD8E7,attempt_0001,0001,False,,VALID,,,,,,,,,,,960,True,True,191,193,90,96,True,True,,,,,,,,
target,430,BLIND_84BF9903075BDAC9,attempt_0001,0001,False,,VALID,,,,,,,,,,,960,True,True,196,234,105,219,True,False,,,,,,,,
target,431,BLIND_3FEEF883BB7D29A7,attempt_0001,0001,False,,VALID,,,,,,,,,,,960,True,True,229,231,204,210,True,True,,,,,,,,
target,432,BLIND_1346D705B0E8BFA6,attempt_0001,0001,False,,VALID,,,,,,,,,,,960,True,True,177,187,48,78,True,False,,,,,,,,
target,433,BLIND_933A682BAC354E08,attempt_0001,0001,False,,VALID,,,,,,,,,,,960,True,True,187,191,78,90,True,False,,,,,,,,
target,434,BLIND_794F79AD11EEDC44,attempt_0001,0001,False,,VALID,,,,,,,,,,,960,True,True,199,201,114,120,False,False,,,,,,,,
target,435,BLIND_19404D1E3F996895,attempt_0001,0001,False,,VALID,,,,,,,,,,,960,True,True,209,211,144,150,True,False,,,,,,,,
target,436,BLIND_656A839623E30783,attempt_0001,0001,False,,VALID,,,,,,,,,,,960,True,True,181,189,60,84,True,True,,,,,,,,
target,437,BLIND_63FA1510C06EA2C7,attempt_0001,0001,False,,VALID,,,,,,,,,,,960,True,True,177,181,48,60,False,False,,,,,,,,
target,438,BLIND_69CD7CA88E8516B8,attempt_0001,0001,False,,VALID,,,,,,,,,,,960,True,True,183,221,66,180,False,False,,,,,,,,
target,439,BLIND_04D6251892964413,attempt_0001,0001,False,,VALID,,,,,,,,,,,960,True,True,185,193,72,96,True,False,,,,,,,,
target,440,BLIND_D16B774C07E8FFC0,attempt_0001,0001,False,,VALID,,,,,,,,,,,960,True,True,176,193,45,96,True,False,,,,,,,,
target,441,BLIND_365F108625A244DF,attempt_0001,0001,False,,VALID,,,,,,,,,,,960,True,True,193,199,96,114,True,False,,,,,,,,
target,442,BLIND_8D8E13DBF53B62E1,attempt_0001,0001,False,,VALID,,,,,,,,,,,960,True,True,195,197,102,108,True,True,,,,,,,,
target,443,BLIND_3A12827E58407A7D,attempt_0001,0001,False,,VALID,,,,,,,,,,,960,True,True,199,221,114,180,True,False,,,,,,,,
target,444,BLIND_B8A7A4496EEF037A,attempt_0001,0001,True,0001,VALID,35,True,True,True,170,190,27,87,True,False,960,True,True,197,213,108,156,True,False,,,,,0.0378004535147,35,272,272
target,445,BLIND_BD9AA39903F5A7FC,attempt_0001,0001,False,,VALID,,,,,,,,,,,960,True,True,201,203,120,126,True,True,,,,,,,,
target,446,BLIND_D9FBE4E72789F820,attempt_0001,0001,False,,VALID,,,,,,,,,,,960,True,True,227,231,198,210,False,False,,,,,,,,
target,447,BLIND_9776348417D1AE91,attempt_0001,0001,False,,VALID,,,,,,,,,,,960,True,True,215,217,162,168,False,False,,,,,,,,
target,448,BLIND_471602B3B9FE2981,attempt_0001,0001,False,,VALID,,,,,,,,,,,960,True,True,201,275,120,342,True,False,,,,,,,,
target,449,BLIND_298CF2853695FD62,attempt_0001,0001,False,,VALID,,,,,,,,,,,960,True,True,191,196,90,105,True,False,,,,,,,,
target,450,BLIND_A079B25A15EDEE27,attempt_0001,0001,False,,VALID,,,,,,,,,,,960,True,True,199,201,114,120,False,False,,,,,,,,
target,451,BLIND_C93CAD12282E93C7,attempt_0001,0001,False,,VALID,,,,,,,,,,,960,True,True,207,209,138,144,False,False,,,,,,,,
target,452,BLIND_D15F5DB7CDE222C3,attempt_0001,0001,False,,VALID,,,,,,,,,,,960,True,True,227,231,198,210,True,False,,,,,,,,
target,453,BLIND_4FC8A9BFF60625AD,attempt_0001,0001,False,,VALID,,,,,,,,,,,960,True,True,199,201,114,120,True,False,,,,,,,,
target,454,BLIND_88F43E7099A09873,attempt_0001,0001,False,,VALID,,,,,,,,,,,960,True,True,167,191,18,90,True,False,,,,,,,,
target,455,BLIND_A3F85695265EB010,attempt_0001,0001,False,,VALID,,,,,,,,,,,960,True,True,191,195,90,102,True,False,,,,,,,,
target,456,BLIND_268D3A513A2B0D4B,attempt_0001,0001,True,0001,VALID,47,True,True,True,225,250,192,267,True,False,960,True,True,205,209,132,144,True,True,,,,,0.100633232016,47,404,404
target,457,BLIND_F2B779F117334DC3,attempt_0001,0001,False,,VALID,,,,,,,,,,,960,True,True,223,225,186,192,True,True,,,,,,,,
target,458,BLIND_DC2E21D65B760713,attempt_0001,0001,False,,VALID,,,,,,,,,,,960,True,True,161,191,0,90,True,True,,,,,,,,
target,459,BLIND_102E6AF2506066FC,attempt_0001,0001,False,,VALID,,,,,,,,,,,960,True,True,177,179,48,54,False,False,,,,,,,,
target,460,BLIND_67CBAAC90BDCA0C6,attempt_0001,0001,False,,VALID,,,,,,,,,,,960,True,True,161,193,0,96,True,False,,,,,,,,
target,461,BLIND_C0AECD627A9D252A,attempt_0001,0001,False,,VALID,,,,,,,,,,,960,True,True,196,198,105,111,False,False,,,,,,,,
target,462,BLIND_CDC2B3F5F4D6D8C3,attempt_0001,0001,False,,VALID,,,,,,,,,,,960,True,True,189,191,84,90,True,False,,,,,,,,
target,463,BLIND_1B4CA81F78158F8E,attempt_0001,0001,False,,VALID,,,,,,,,,,,960,True,True,165,191,12,90,False,False,,,,,,,,
target,464,BLIND_50C382905AB3B3DA,attempt_0001,0001,False,,VALID,,,,,,,,,,,960,True,True,191,203,90,126,True,False,,,,,,,,
target,465,BLIND_E629A77CA0701DD2,attempt_0001,0001,False,,VALID,,,,,,,,,,,960,True,True,161,215,0,162,True,False,,,,,,,,
target,466,BLIND_D3019FC933C99E5D,attempt_0001,0001,False,,VALID,,,,,,,,,,,960,True,True,209,219,144,174,True,False,,,,,,,,
target,467,BLIND_1FAB47DBF4FA2B35,attempt_0001,0001,True,0001,VALID,44,True,True,True,215,235,162,222,False,False,960,True,True,195,197,102,108,True,False,,,,,0.0710227272727,44,371,371
target,468,BLIND_B244E4B3EE66175D,attempt_0001,0001,False,,VALID,,,,,,,,,,,960,True,True,177,191,48,90,True,True,,,,,,,,
target,469,BLIND_453127A32BBECBCD,attempt_0001,0001,False,,VALID,,,,,,,,,,,960,True,True,195,199,102,114,True,False,,,,,,,,
target,470,BLIND_987BA01F7D3217FC,attempt_0001,0001,False,,VALID,,,,,,,,,,,960,True,True,207,229,138,204,True,False,,,,,,,,
target,471,BLIND_1F1F85656664AE28,attempt_0001,0001,False,,VALID,,,,,,,,,,,960,True,True,203,207,126,138,True,False,,,,,,,,
target,472,BLIND_F56A9D474CD9E971,attempt_0001,0001,False,,VALID,,,,,,,,,,,960,True,True,201,205,120,132,True,True,,,,,,,,
target,473,BLIND_AC040BC5079D1AB5,attempt_0001,0001,False,,VALID,,,,,,,,,,,960,True,True,215,217,162,168,True,False,,,,,,,,
target,474,BLIND_C9D90E79FBE95F2F,attempt_0001,0001,False,,VALID,,,,,,,,,,,960,True,True,199,203,114,126,True,False,,,,,,,,
target,475,BLIND_4E9B1F2268954655,attempt_0001,0001,False,,VALID,,,,,,,,,,,960,True,True,193,195,96,102,False,False,,,,,,,,
target,476,BLIND_2D97426E2D02AAFB,attempt_0001,0001,False,,VALID,,,,,,,,,,,960,True,True,217,219,168,174,True,True,,,,,,,,
target,477,BLIND_38C2B63718495365,attempt_0001,0001,False,,VALID,,,,,,,,,,,960,True,True,183,185,66,72,True,False,,,,,,,,
target,478,BLIND_FA82907A56CEA93F,attempt_0001,0001,False,,VALID,,,,,,,,,,,960,True,True,177,199,48,114,True,False,,,,,,,,
target,479,BLIND_91908BD5362AA91C,attempt_0001,0001,False,,VALID,,,,,,,,,,,960,True,True,191,193,90,96,False,False,,,,,,,,
target,480,BLIND_A4B9DEE63400424E,attempt_0001,0001,False,,VALID,,,,,,,,,,,960,True,True,203,207,126,138,True,True,,,,,,,,
target,481,BLIND_2C38C3DB520C5B46,attempt_0001,0001,False,,VALID,,,,,,,,,,,960,True,True,215,217,162,168,True,True,,,,,,,,
target,482,BLIND_E8D78ED7C4CE7D6B,attempt_0001,0001,False,,VALID,,,,,,,,,,,960,True,True,196,198,105,111,False,False,,,,,,,,
target,483,BLIND_6318B7E5E1225C7E,attempt_0001,0001,False,,VALID,,,,,,,,,,,960,True,True,226,231,195,210,False,False,,,,,,,,
target,484,BLIND_DFB9C6BA3803F901,attempt_0001,0001,False,,VALID,,,,,,,,,,,960,True,True,180,199,57,114,True,False,,,,,,,,
target,485,BLIND_70366180935373BC,attempt_0001,0001,False,,VALID,,,,,,,,,,,960,True,True,185,187,72,78,False,False,,,,,,,,
target,486,BLIND_BFA7218A51AA890F,attempt_0001,0001,False,,VALID,,,,,,,,,,,960,True,True,193,197,96,108,False,False,,,,,,,,
target,487,BLIND_91694511E0806063,attempt_0001,0001,False,,VALID,,,,,,,,,,,960,True,True,217,225,168,192,True,True,,,,,,,,
target,488,BLIND_409AD90AD708C9D7,attempt_0001,0001,False,,VALID,,,,,,,,,,,960,True,True,211,213,150,156,True,False,,,,,,,,
target,489,BLIND_236F2E3C151D075F,attempt_0001,0001,False,,VALID,,,,,,,,,,,960,True,True,161,219,0,174,True,False,,,,,,,,
target,490,BLIND_0B7582B6683B93E6,attempt_0001,0001,False,,VALID,,,,,,,,,,,960,True,True,225,231,192,210,True,False,,,,,,,,
target,491,BLIND_623461C99B4192DA,attempt_0001,0001,False,,VALID,,,,,,,,,,,960,True,True,195,197,102,108,False,False,,,,,,,,
target,492,BLIND_D3B7D3A0919CE059,attempt_0001,0001,False,,VALID,,,,,,,,,,,960,True,True,219,221,174,180,True,True,,,,,,,,
target,493,BLIND_2C2226B98E10F2AE,attempt_0001,0001,False,,VALID,,,,,,,,,,,960,True,True,201,211,120,150,True,False,,,,,,,,
target,494,BLIND_5E1612758B551883,attempt_0001,0001,False,,VALID,,,,,,,,,,,960,True,True,205,209,132,144,True,False,,,,,,,,
target,495,BLIND_FAC2998A0B98DA03,attempt_0001,0001,False,,VALID,,,,,,,,,,,960,True,True,181,199,60,114,False,False,,,,,,,,
target,496,BLIND_3C9F62C1C157E3AC,attempt_0001,0001,False,,VALID,,,,,,,,,,,960,True,True,178,197,51,108,True,False,,,,,,,,
target,497,BLIND_4A73556E674DB923,attempt_0001,0001,False,,VALID,,,,,,,,,,,960,True,True,203,235,126,222,True,False,,,,,,,,
target,498,BLIND_76547957C19E2EF6,attempt_0001,0001,False,,VALID,,,,,,,,,,,960,True,True,167,171,18,30,True,False,,,,,,,,
target,499,BLIND_3922617368935595,attempt_0001,0001,False,,VALID,,,,,,,,,,,960,True,True,219,233,174,216,True,False,,,,,,,,
target,500,BLIND_A67FCB0126693724,attempt_0001,0001,False,,VALID,,,,,,,,,,,960,True,True,203,205,126,132,False,False,,,,,,,,
normal_holdout,1,BLIND_33AC31EBB7123322,attempt_0001,0001,False,,VALID,,,,,,,,,,,960,,,,,,,,,,,True,True,,,,
normal_holdout,2,BLIND_9359F26B90C1C6FA,attempt_0001,0001,False,,VALID,,,,,,,,,,,960,,,,,,,,,,,True,True,,,,
normal_holdout,3,BLIND_A96BCF62B398B799,attempt_0001,0001,False,,VALID,,,,,,,,,,,960,,,,,,,,,,,True,True,,,,
normal_holdout,4,BLIND_4CC97F8506C3724C,attempt_0001,0001,False,,VALID,,,,,,,,,,,960,,,,,,,,,,,True,False,,,,
normal_holdout,5,BLIND_9B896052773EE290,attempt_0001,0001,False,,VALID,,,,,,,,,,,960,,,,,,,,,,,True,False,,,,
normal_holdout,6,BLIND_23527C2ECCE41FF3,attempt_0001,0001,False,,VALID,,,,,,,,,,,960,,,,,,,,,,,True,True,,,,
normal_holdout,7,BLIND_5457C5A5AE5FAB46,attempt_0001,0001,False,,VALID,,,,,,,,,,,960,,,,,,,,,,,True,True,,,,
normal_holdout,8,BLIND_66121AC56B21F24C,attempt_0001,0001,False,,VALID,,,,,,,,,,,960,,,,,,,,,,,True,True,,,,
normal_holdout,9,BLIND_9F9AFAD721F5DEF4,attempt_0001,0001,False,,VALID,,,,,,,,,,,960,,,,,,,,,,,True,True,,,,
normal_holdout,10,BLIND_D0D12A6A3FC3F45C,attempt_0001,0001,True,0001,VALID,189,False,,,,,,,,,960,,,,,,,,,True,False,True,True,,,,
normal_holdout,11,BLIND_A1934B248E12681D,attempt_0001,0001,False,,VALID,,,,,,,,,,,960,,,,,,,,,,,True,False,,,,
normal_holdout,12,BLIND_663292A78B3E4A30,attempt_0001,0001,False,,VALID,,,,,,,,,,,960,,,,,,,,,,,True,False,,,,
normal_holdout,13,BLIND_C30C78A46300F0E8,attempt_0001,0001,False,,VALID,,,,,,,,,,,960,,,,,,,,,,,True,True,,,,
normal_holdout,14,BLIND_F7BFE03C92BD6239,attempt_0001,0001,False,,VALID,,,,,,,,,,,960,,,,,,,,,,,True,True,,,,
normal_holdout,15,BLIND_3D3E4013854D584D,attempt_0001,0001,False,,VALID,,,,,,,,,,,960,,,,,,,,,,,True,True,,,,
normal_holdout,16,BLIND_F0CE20A686018FDD,attempt_0001,0001,False,,VALID,,,,,,,,,,,960,,,,,,,,,,,True,True,,,,
normal_holdout,17,BLIND_560913BBCA5FFA15,attempt_0001,0001,False,,VALID,,,,,,,,,,,960,,,,,,,,,,,True,True,,,,
normal_holdout,18,BLIND_7BBD74909FD3310E,attempt_0001,0001,False,,VALID,,,,,,,,,,,960,,,,,,,,,,,True,False,,,,
normal_holdout,19,BLIND_213AF735AEBA0592,attempt_0001,0001,False,,VALID,,,,,,,,,,,960,,,,,,,,,,,True,True,,,,
normal_holdout,20,BLIND_65D50FA635CB18B1,attempt_0001,0001,True,0001,VALID,189,False,,,,,,,,,960,,,,,,,,,True,True,True,True,,,,
normal_holdout,21,BLIND_0B59D9B537E0A506,attempt_0001,0001,False,,VALID,,,,,,,,,,,960,,,,,,,,,,,True,True,,,,
normal_holdout,22,BLIND_BD462CBFEE621A4E,attempt_0001,0001,False,,VALID,,,,,,,,,,,960,,,,,,,,,,,True,True,,,,
normal_holdout,23,BLIND_FC33E484BF79D23C,attempt_0001,0001,False,,VALID,,,,,,,,,,,960,,,,,,,,,,,True,True,,,,
normal_holdout,24,BLIND_8797ABBC50BB08F2,attempt_0001,0001,False,,VALID,,,,,,,,,,,960,,,,,,,,,,,True,True,,,,
normal_holdout,25,BLIND_57D0184944C549CF,attempt_0001,0001,False,,VALID,,,,,,,,,,,960,,,,,,,,,,,True,True,,,,
normal_holdout,26,BLIND_B09B6AD327F15534,attempt_0001,0001,False,,VALID,,,,,,,,,,,960,,,,,,,,,,,True,True,,,,
normal_holdout,27,BLIND_BF73C4841ED02FC1,attempt_0001,0001,False,,VALID,,,,,,,,,,,960,,,,,,,,,,,True,True,,,,
normal_holdout,28,BLIND_00FB67507A2E43DD,attempt_0001,0001,False,,VALID,,,,,,,,,,,960,,,,,,,,,,,True,False,,,,
normal_holdout,29,BLIND_8645664EAB8C77B5,attempt_0001,0001,False,,VALID,,,,,,,,,,,960,,,,,,,,,,,True,True,,,,
normal_holdout,30,BLIND_19A35D261DCE0B89,attempt_0001,0001,True,0001,VALID,189,False,,,,,,,,,960,,,,,,,,,True,True,True,True,,,,
normal_holdout,31,BLIND_5F9DB1584D6E502D,attempt_0001,0001,False,,VALID,,,,,,,,,,,960,,,,,,,,,,,True,True,,,,
normal_holdout,32,BLIND_1B203FA87844EC3D,attempt_0001,0001,False,,VALID,,,,,,,,,,,960,,,,,,,,,,,True,True,,,,
normal_holdout,33,BLIND_0C506D7A40E595EA,attempt_0001,0001,False,,VALID,,,,,,,,,,,960,,,,,,,,,,,True,True,,,,
normal_holdout,34,BLIND_C9EA60D51D37B94C,attempt_0001,0001,False,,VALID,,,,,,,,,,,960,,,,,,,,,,,True,False,,,,
normal_holdout,35,BLIND_6A0519D2A09535E2,attempt_0001,0001,False,,VALID,,,,,,,,,,,960,,,,,,,,,,,True,False,,,,
normal_holdout,36,BLIND_31B0A63E03CE7987,attempt_0001,0001,False,,VALID,,,,,,,,,,,960,,,,,,,,,,,True,True,,,,
normal_holdout,37,BLIND_445A74B36E5619B2,attempt_0001,0001,False,,VALID,,,,,,,,,,,960,,,,,,,,,,,True,True,,,,
normal_holdout,38,BLIND_4CC0C13C8979BF59,attempt_0001,0001,False,,VALID,,,,,,,,,,,960,,,,,,,,,,,True,False,,,,
normal_holdout,39,BLIND_3DD488151B8E56FE,attempt_0001,0001,False,,VALID,,,,,,,,,,,960,,,,,,,,,,,True,True,,,,
normal_holdout,40,BLIND_6BB933C152025E78,attempt_0001,0001,False,,VALID,,,,,,,,,,,960,,,,,,,,,,,True,True,,,,
normal_holdout,41,BLIND_E40F627B343D72E0,attempt_0001,0001,False,,VALID,,,,,,,,,,,960,,,,,,,,,,,True,False,,,,
normal_holdout,42,BLIND_414D096BFFDE40FA,attempt_0001,0001,False,,VALID,,,,,,,,,,,960,,,,,,,,,,,True,True,,,,
normal_holdout,43,BLIND_009609686EC76F69,attempt_0001,0001,False,,VALID,,,,,,,,,,,960,,,,,,,,,,,True,True,,,,
normal_holdout,44,BLIND_0BC5B3235EC15E9F,attempt_0001,0001,False,,VALID,,,,,,,,,,,960,,,,,,,,,,,True,True,,,,
normal_holdout,45,BLIND_49343A0FBDF597F8,attempt_0001,0001,False,,VALID,,,,,,,,,,,960,,,,,,,,,,,True,True,,,,
normal_holdout,46,BLIND_E17718BF8B99104C,attempt_0001,0001,False,,VALID,,,,,,,,,,,960,,,,,,,,,,,True,True,,,,
normal_holdout,47,BLIND_EC79FA70B186138E,attempt_0001,0001,False,,VALID,,,,,,,,,,,960,,,,,,,,,,,True,True,,,,
normal_holdout,48,BLIND_8FD5CADAD7FED776,attempt_0001,0001,False,,VALID,,,,,,,,,,,960,,,,,,,,,,,True,True,,,,
normal_holdout,49,BLIND_A98FD618938B5A6C,attempt_0001,0001,False,,VALID,,,,,,,,,,,960,,,,,,,,,,,True,True,,,,
normal_holdout,50,BLIND_5CEAED124F3ABB94,attempt_0001,0001,True,0001,VALID,189,False,,,,,,,,,960,,,,,,,,,True,True,True,True,,,,
normal_holdout,51,BLIND_76D32652ECB87963,attempt_0001,0001,False,,VALID,,,,,,,,,,,960,,,,,,,,,,,True,True,,,,
normal_holdout,52,BLIND_E19F123EF49C9947,attempt_0001,0001,False,,VALID,,,,,,,,,,,960,,,,,,,,,,,True,True,,,,
normal_holdout,53,BLIND_17391A8BE0ED8F23,attempt_0001,0001,False,,VALID,,,,,,,,,,,960,,,,,,,,,,,True,True,,,,
normal_holdout,54,BLIND_C2590808440F033A,attempt_0001,0001,False,,VALID,,,,,,,,,,,960,,,,,,,,,,,True,True,,,,
normal_holdout,55,BLIND_3EAD0125C5F8CED0,attempt_0001,0001,True,0001,VALID,189,False,,,,,,,,,960,,,,,,,,,True,False,True,False,,,,
normal_holdout,56,BLIND_DEE25ABDEA08F145,attempt_0001,0001,False,,VALID,,,,,,,,,,,960,,,,,,,,,,,True,False,,,,
normal_holdout,57,BLIND_13DF381D65C01A00,attempt_0001,0001,False,,VALID,,,,,,,,,,,960,,,,,,,,,,,True,False,,,,
normal_holdout,58,BLIND_5E45E9241C8D302F,attempt_0001,0001,False,,VALID,,,,,,,,,,,960,,,,,,,,,,,True,False,,,,
normal_holdout,59,BLIND_F9E21E59E71B4F37,attempt_0001,0001,False,,VALID,,,,,,,,,,,960,,,,,,,,,,,True,True,,,,
normal_holdout,60,BLIND_2E59F679A891B9EC,attempt_0001,0001,False,,VALID,,,,,,,,,,,960,,,,,,,,,,,True,True,,,,
normal_holdout,61,BLIND_DA588315C47FCCDE,attempt_0001,0001,False,,VALID,,,,,,,,,,,960,,,,,,,,,,,True,True,,,,
normal_holdout,62,BLIND_7BFB956F3EBFB16B,attempt_0001,0001,False,,VALID,,,,,,,,,,,960,,,,,,,,,,,True,True,,,,
normal_holdout,63,BLIND_73161AC468AF9FDB,attempt_0001,0001,False,,VALID,,,,,,,,,,,960,,,,,,,,,,,True,True,,,,
normal_holdout,64,BLIND_0A1F845926178E83,attempt_0001,0001,True,0001,VALID,189,False,,,,,,,,,960,,,,,,,,,True,True,True,True,,,,
normal_holdout,65,BLIND_5E20CFA35D959F69,attempt_0001,0001,False,,VALID,,,,,,,,,,,960,,,,,,,,,,,True,True,,,,
normal_holdout,66,BLIND_E5D257C03D4BC913,attempt_0001,0001,True,0001,VALID,189,False,,,,,,,,,960,,,,,,,,,True,False,True,True,,,,
normal_holdout,67,BLIND_FAD407F81EA85391,attempt_0001,0001,False,,VALID,,,,,,,,,,,960,,,,,,,,,,,True,True,,,,
normal_holdout,68,BLIND_BF32D61112CF86C2,attempt_0001,0001,False,,VALID,,,,,,,,,,,960,,,,,,,,,,,True,False,,,,
normal_holdout,69,BLIND_2C6BA09AADAFEF7C,attempt_0001,0001,False,,VALID,,,,,,,,,,,960,,,,,,,,,,,True,True,,,,
normal_holdout,70,BLIND_D7D455C7FDBA4DB7,attempt_0001,0001,False,,VALID,,,,,,,,,,,960,,,,,,,,,,,True,True,,,,
normal_holdout,71,BLIND_6B51DE334F1F65D1,attempt_0001,0001,False,,VALID,,,,,,,,,,,960,,,,,,,,,,,True,True,,,,
normal_holdout,72,BLIND_58DFC722E1F7FE85,attempt_0001,0001,False,,VALID,,,,,,,,,,,960,,,,,,,,,,,True,False,,,,
normal_holdout,73,BLIND_09B887B55FF6AA02,attempt_0001,0001,False,,VALID,,,,,,,,,,,960,,,,,,,,,,,True,True,,,,
normal_holdout,74,BLIND_1EF4C1561B424F5F,attempt_0001,0001,True,0001,VALID,189,False,,,,,,,,,960,,,,,,,,,True,False,True,False,,,,
normal_holdout,75,BLIND_C79809400FC9217B,attempt_0001,0001,False,,VALID,,,,,,,,,,,960,,,,,,,,,,,True,False,,,,
normal_holdout,76,BLIND_671C163979D7813E,attempt_0001,0001,False,,VALID,,,,,,,,,,,960,,,,,,,,,,,True,False,,,,
normal_holdout,77,BLIND_B9573C27CDF9EB5C,attempt_0001,0001,False,,VALID,,,,,,,,,,,960,,,,,,,,,,,True,True,,,,
normal_holdout,78,BLIND_CC5E24DDFB7CD6CE,attempt_0001,0001,False,,VALID,,,,,,,,,,,960,,,,,,,,,,,True,True,,,,
normal_holdout,79,BLIND_D840B0E410B03BDE,attempt_0001,0001,True,0001,VALID,189,False,,,,,,,,,960,,,,,,,,,True,False,True,True,,,,
normal_holdout,80,BLIND_C21C09603A379D39,attempt_0001,0001,False,,VALID,,,,,,,,,,,960,,,,,,,,,,,True,True,,,,
normal_holdout,81,BLIND_ABFB0D8265AC801D,attempt_0001,0001,False,,VALID,,,,,,,,,,,960,,,,,,,,,,,True,True,,,,
normal_holdout,82,BLIND_8D8FEA518F79F2D4,attempt_0001,0001,False,,VALID,,,,,,,,,,,960,,,,,,,,,,,True,True,,,,
normal_holdout,83,BLIND_CED39D377BAED436,attempt_0001,0001,True,0001,VALID,189,False,,,,,,,,,960,,,,,,,,,True,True,True,False,,,,
normal_holdout,84,BLIND_4AFBA21DDAF7E5BE,attempt_0001,0001,False,,VALID,,,,,,,,,,,960,,,,,,,,,,,True,False,,,,
normal_holdout,85,BLIND_AFC14B32B81A82F9,attempt_0001,0001,False,,VALID,,,,,,,,,,,960,,,,,,,,,,,True,True,,,,
normal_holdout,86,BLIND_375364BF4EA19913,attempt_0001,0001,False,,VALID,,,,,,,,,,,960,,,,,,,,,,,True,True,,,,
normal_holdout,87,BLIND_096B32EE366A4D27,attempt_0001,0001,False,,VALID,,,,,,,,,,,960,,,,,,,,,,,True,True,,,,
normal_holdout,88,BLIND_EE29E2DCC0496CE1,attempt_0001,0001,False,,VALID,,,,,,,,,,,960,,,,,,,,,,,True,True,,,,
normal_holdout,89,BLIND_670799896FDD9377,attempt_0001,0001,False,,VALID,,,,,,,,,,,960,,,,,,,,,,,True,True,,,,
normal_holdout,90,BLIND_AA55CEC28FFA6600,attempt_0001,0001,False,,VALID,,,,,,,,,,,960,,,,,,,,,,,True,True,,,,
normal_holdout,91,BLIND_B40CA4B9BF3A2252,attempt_0001,0001,True,0001,VALID,189,False,,,,,,,,,960,,,,,,,,,True,False,True,True,,,,
normal_holdout,92,BLIND_CB0EDE63576B51C6,attempt_0001,0001,False,,VALID,,,,,,,,,,,960,,,,,,,,,,,True,True,,,,
normal_holdout,93,BLIND_22FB32F4E0862989,attempt_0001,0001,False,,VALID,,,,,,,,,,,960,,,,,,,,,,,True,False,,,,
normal_holdout,94,BLIND_B336753143F80CFF,attempt_0001,0001,True,0001,VALID,189,False,,,,,,,,,960,,,,,,,,,True,False,True,False,,,,
normal_holdout,95,BLIND_209254157DCFB00D,attempt_0001,0001,False,,VALID,,,,,,,,,,,960,,,,,,,,,,,True,True,,,,
normal_holdout,96,BLIND_1C6F53E4DCF2C77A,attempt_0001,0001,False,,VALID,,,,,,,,,,,960,,,,,,,,,,,True,True,,,,
normal_holdout,97,BLIND_911DDD350313B0E6,attempt_0001,0001,False,,VALID,,,,,,,,,,,960,,,,,,,,,,,True,True,,,,
normal_holdout,98,BLIND_204FC0C7773F5915,attempt_0001,0001,False,,VALID,,,,,,,,,,,960,,,,,,,,,,,True,False,,,,
normal_holdout,99,BLIND_6A5517D843BD3BEA,attempt_0001,0001,False,,VALID,,,,,,,,,,,960,,,,,,,,,,,True,False,,,,
normal_holdout,100,BLIND_C5E0D2CFB184B302,attempt_0001,0001,False,,VALID,,,,,,,,,,,960,,,,,,,,,,,True,True,,,,
normal_holdout,101,BLIND_92D326508FCE10CC,attempt_0001,0001,False,,VALID,,,,,,,,,,,960,,,,,,,,,,,True,True,,,,
normal_holdout,102,BLIND_D788279FCEA4EE00,attempt_0001,0001,False,,VALID,,,,,,,,,,,960,,,,,,,,,,,True,True,,,,
normal_holdout,103,BLIND_086D27A1711FF853,attempt_0001,0001,False,,VALID,,,,,,,,,,,960,,,,,,,,,,,True,True,,,,
normal_holdout,104,BLIND_56ADBD296C889419,attempt_0001,0001,False,,VALID,,,,,,,,,,,960,,,,,,,,,,,True,False,,,,
normal_holdout,105,BLIND_F84E7BB0D60B8F68,attempt_0001,0001,False,,VALID,,,,,,,,,,,960,,,,,,,,,,,True,True,,,,
normal_holdout,106,BLIND_5D50EA8BE1F200F9,attempt_0001,0001,False,,VALID,,,,,,,,,,,960,,,,,,,,,,,True,False,,,,
normal_holdout,107,BLIND_E4B8838858BFB4DB,attempt_0001,0001,False,,VALID,,,,,,,,,,,960,,,,,,,,,,,True,True,,,,
normal_holdout,108,BLIND_C034335825FEC106,attempt_0001,0001,False,,VALID,,,,,,,,,,,960,,,,,,,,,,,True,True,,,,
normal_holdout,109,BLIND_B1F47131A5C618A8,attempt_0001,0001,False,,VALID,,,,,,,,,,,960,,,,,,,,,,,True,True,,,,
normal_holdout,110,BLIND_63270C03FA7FC473,attempt_0001,0001,False,,VALID,,,,,,,,,,,960,,,,,,,,,,,True,True,,,,
normal_holdout,111,BLIND_B60096DB9A37D0E2,attempt_0001,0001,False,,VALID,,,,,,,,,,,960,,,,,,,,,,,True,True,,,,
normal_holdout,112,BLIND_5C267453DAB286D6,attempt_0001,0001,False,,VALID,,,,,,,,,,,960,,,,,,,,,,,True,False,,,,
normal_holdout,113,BLIND_15B5714E02E943BD,attempt_0001,0001,False,,VALID,,,,,,,,,,,960,,,,,,,,,,,True,False,,,,
normal_holdout,114,BLIND_A2AF05C6A7EDA2B0,attempt_0001,0001,False,,VALID,,,,,,,,,,,960,,,,,,,,,,,True,True,,,,
normal_holdout,115,BLIND_AF4329E92CDD9465,attempt_0001,0001,False,,VALID,,,,,,,,,,,960,,,,,,,,,,,True,True,,,,
normal_holdout,116,BLIND_5C38705DD8FA2158,attempt_0001,0001,False,,VALID,,,,,,,,,,,960,,,,,,,,,,,True,True,,,,
normal_holdout,117,BLIND_D49FB42673C5F8DF,attempt_0001,0001,False,,VALID,,,,,,,,,,,960,,,,,,,,,,,True,True,,,,
normal_holdout,118,BLIND_0C582C6326A8ADDF,attempt_0001,0001,False,,VALID,,,,,,,,,,,960,,,,,,,,,,,True,False,,,,
normal_holdout,119,BLIND_533C5411D668CD7A,attempt_0001,0001,False,,VALID,,,,,,,,,,,960,,,,,,,,,,,True,True,,,,
normal_holdout,120,BLIND_FE34A1E893218611,attempt_0001,0001,False,,VALID,,,,,,,,,,,960,,,,,,,,,,,True,True,,,,
normal_holdout,121,BLIND_7E127484D8C93332,attempt_0001,0001,False,,VALID,,,,,,,,,,,960,,,,,,,,,,,True,True,,,,
normal_holdout,122,BLIND_80F260AF1C089630,attempt_0001,0001,False,,VALID,,,,,,,,,,,960,,,,,,,,,,,True,False,,,,
normal_holdout,123,BLIND_F14DE4715E3324E1,attempt_0001,0001,False,,VALID,,,,,,,,,,,960,,,,,,,,,,,True,True,,,,
normal_holdout,124,BLIND_563596F73C95A2F7,attempt_0001,0001,False,,VALID,,,,,,,,,,,960,,,,,,,,,,,True,True,,,,
normal_holdout,125,BLIND_9EC4B120D863EFF7,attempt_0001,0001,False,,VALID,,,,,,,,,,,960,,,,,,,,,,,True,False,,,,
normal_holdout,126,BLIND_848BB811EEB29CA8,attempt_0001,0001,False,,VALID,,,,,,,,,,,960,,,,,,,,,,,True,True,,,,
normal_holdout,127,BLIND_6EDC23BB3BC235BB,attempt_0001,0001,False,,VALID,,,,,,,,,,,960,,,,,,,,,,,True,True,,,,
normal_holdout,128,BLIND_A1022ABC5CE89573,attempt_0001,0001,False,,VALID,,,,,,,,,,,960,,,,,,,,,,,True,False,,,,
normal_holdout,129,BLIND_049B69EB9710808A,attempt_0001,0001,False,,VALID,,,,,,,,,,,960,,,,,,,,,,,True,False,,,,
normal_holdout,130,BLIND_169833EF6CF14BAA,attempt_0001,0001,False,,VALID,,,,,,,,,,,960,,,,,,,,,,,True,True,,,,
normal_holdout,131,BLIND_3EAF04B1FBFBB192,attempt_0001,0001,False,,VALID,,,,,,,,,,,960,,,,,,,,,,,True,True,,,,
normal_holdout,132,BLIND_2E3457CE5C02BDFD,attempt_0001,0001,False,,VALID,,,,,,,,,,,960,,,,,,,,,,,True,False,,,,
normal_holdout,133,BLIND_9CB4921AD3A2728C,attempt_0001,0001,False,,VALID,,,,,,,,,,,960,,,,,,,,,,,True,True,,,,
normal_holdout,134,BLIND_8320B6379D03FC0F,attempt_0001,0001,False,,VALID,,,,,,,,,,,960,,,,,,,,,,,True,True,,,,
normal_holdout,135,BLIND_8C16AD83F3D8E2DB,attempt_0001,0001,False,,VALID,,,,,,,,,,,960,,,,,,,,,,,True,False,,,,
normal_holdout,136,BLIND_7CE7DB42104A2344,attempt_0001,0001,False,,VALID,,,,,,,,,,,960,,,,,,,,,,,True,True,,,,
normal_holdout,137,BLIND_DFBA4FF9ECAADA1C,attempt_0001,0001,False,,VALID,,,,,,,,,,,960,,,,,,,,,,,True,True,,,,
normal_holdout,138,BLIND_AB3891BE679439FD,attempt_0001,0001,False,,VALID,,,,,,,,,,,960,,,,,,,,,,,True,True,,,,
normal_holdout,139,BLIND_E2BA39EE0798EDD3,attempt_0001,0001,False,,VALID,,,,,,,,,,,960,,,,,,,,,,,True,True,,,,
normal_holdout,140,BLIND_A1BFE0A76D48C4CF,attempt_0001,0001,True,0001,VALID,189,False,,,,,,,,,960,,,,,,,,,True,False,True,True,,,,
normal_holdout,141,BLIND_0170B33A35A59402,attempt_0001,0001,False,,VALID,,,,,,,,,,,960,,,,,,,,,,,True,True,,,,
normal_holdout,142,BLIND_97A4AB936922C0C2,attempt_0001,0001,False,,VALID,,,,,,,,,,,960,,,,,,,,,,,True,True,,,,
normal_holdout,143,BLIND_FDF87CB639909352,attempt_0001,0001,False,,VALID,,,,,,,,,,,960,,,,,,,,,,,True,False,,,,
normal_holdout,144,BLIND_690C36AB6E063821,attempt_0001,0001,False,,VALID,,,,,,,,,,,960,,,,,,,,,,,True,False,,,,
normal_holdout,145,BLIND_711BB741A5541861,attempt_0001,0001,False,,VALID,,,,,,,,,,,960,,,,,,,,,,,True,False,,,,
normal_holdout,146,BLIND_9BF720D51362B65E,attempt_0001,0001,False,,VALID,,,,,,,,,,,960,,,,,,,,,,,True,False,,,,
normal_holdout,147,BLIND_E7359053308A3D1F,attempt_0001,0001,True,0001,VALID,189,False,,,,,,,,,960,,,,,,,,,True,False,True,True,,,,
normal_holdout,148,BLIND_9E7E4D5B4751B6BC,attempt_0001,0001,False,,VALID,,,,,,,,,,,960,,,,,,,,,,,True,True,,,,
normal_holdout,149,BLIND_9F3AE3C0B3B0DD12,attempt_0001,0001,False,,VALID,,,,,,,,,,,960,,,,,,,,,,,True,False,,,,
normal_holdout,150,BLIND_B372EF509CBC00A6,attempt_0001,0001,False,,VALID,,,,,,,,,,,960,,,,,,,,,,,True,True,,,,
normal_holdout,151,BLIND_9BE743CB1EE892FF,attempt_0001,0001,False,,VALID,,,,,,,,,,,960,,,,,,,,,,,True,False,,,,
normal_holdout,152,BLIND_1064B33527CA7808,attempt_0001,0001,False,,VALID,,,,,,,,,,,960,,,,,,,,,,,True,True,,,,
normal_holdout,153,BLIND_5001DD523DB9F04A,attempt_0001,0001,False,,VALID,,,,,,,,,,,960,,,,,,,,,,,True,True,,,,
normal_holdout,154,BLIND_A8A23EA1E1FE0FF8,attempt_0001,0001,False,,VALID,,,,,,,,,,,960,,,,,,,,,,,True,True,,,,
normal_holdout,155,BLIND_E424DC1E13AC87B7,attempt_0001,0001,False,,VALID,,,,,,,,,,,960,,,,,,,,,,,True,True,,,,
normal_holdout,156,BLIND_A2B9FE621EC119B1,attempt_0001,0001,False,,VALID,,,,,,,,,,,960,,,,,,,,,,,True,True,,,,
normal_holdout,157,BLIND_534A9F526E02F3C8,attempt_0001,0001,False,,VALID,,,,,,,,,,,960,,,,,,,,,,,True,False,,,,
normal_holdout,158,BLIND_A884C01517A7E5DC,attempt_0001,0001,False,,VALID,,,,,,,,,,,960,,,,,,,,,,,True,False,,,,
normal_holdout,159,BLIND_E19AEAB718F3868D,attempt_0001,0001,False,,VALID,,,,,,,,,,,960,,,,,,,,,,,True,True,,,,
normal_holdout,160,BLIND_E0DCA85C80F9AA9E,attempt_0001,0001,False,,VALID,,,,,,,,,,,960,,,,,,,,,,,True,True,,,,
normal_holdout,161,BLIND_1B4DAB3955F30ED9,attempt_0001,0001,False,,VALID,,,,,,,,,,,960,,,,,,,,,,,True,True,,,,
normal_holdout,162,BLIND_4F45BF608A7AD403,attempt_0001,0001,False,,VALID,,,,,,,,,,,960,,,,,,,,,,,True,True,,,,
normal_holdout,163,BLIND_6680DBD91DC4006C,attempt_0001,0001,False,,VALID,,,,,,,,,,,960,,,,,,,,,,,True,True,,,,
normal_holdout,164,BLIND_D1DFA64A55972224,attempt_0001,0001,False,,VALID,,,,,,,,,,,960,,,,,,,,,,,True,True,,,,
normal_holdout,165,BLIND_ED41C1595C760F4A,attempt_0001,0001,False,,VALID,,,,,,,,,,,960,,,,,,,,,,,True,True,,,,
normal_holdout,166,BLIND_4085B329D7CE67F2,attempt_0001,0001,False,,VALID,,,,,,,,,,,960,,,,,,,,,,,True,True,,,,
normal_holdout,167,BLIND_D2CA350262F45EE7,attempt_0001,0001,False,,VALID,,,,,,,,,,,960,,,,,,,,,,,True,True,,,,
normal_holdout,168,BLIND_93BB0E8CEA5DF37E,attempt_0001,0001,False,,VALID,,,,,,,,,,,960,,,,,,,,,,,True,False,,,,
normal_holdout,169,BLIND_BCDB868C1229EFD8,attempt_0001,0001,False,,VALID,,,,,,,,,,,960,,,,,,,,,,,True,True,,,,
normal_holdout,170,BLIND_30C4891036472AE2,attempt_0001,0001,False,,VALID,,,,,,,,,,,960,,,,,,,,,,,True,True,,,,
normal_holdout,171,BLIND_811E84CB89743D46,attempt_0001,0001,False,,VALID,,,,,,,,,,,960,,,,,,,,,,,True,False,,,,
normal_holdout,172,BLIND_91778353E8F0834C,attempt_0001,0001,False,,VALID,,,,,,,,,,,960,,,,,,,,,,,True,True,,,,
normal_holdout,173,BLIND_B9EFAA443111D009,attempt_0001,0001,False,,VALID,,,,,,,,,,,960,,,,,,,,,,,True,True,,,,
normal_holdout,174,BLIND_E1A1D04C4B0E908C,attempt_0001,0001,False,,VALID,,,,,,,,,,,960,,,,,,,,,,,True,False,,,,
normal_holdout,175,BLIND_14AFAACF5CE37756,attempt_0001,0001,False,,VALID,,,,,,,,,,,960,,,,,,,,,,,True,True,,,,
normal_holdout,176,BLIND_F432E8AB2B9DDEA3,attempt_0001,0001,False,,VALID,,,,,,,,,,,960,,,,,,,,,,,True,True,,,,
normal_holdout,177,BLIND_CBD7015A300BDB37,attempt_0001,0001,False,,VALID,,,,,,,,,,,960,,,,,,,,,,,True,True,,,,
normal_holdout,178,BLIND_90A4C077F2759521,attempt_0001,0001,False,,VALID,,,,,,,,,,,960,,,,,,,,,,,True,True,,,,
normal_holdout,179,BLIND_8B0E35B72B839C3C,attempt_0001,0001,False,,VALID,,,,,,,,,,,960,,,,,,,,,,,True,True,,,,
normal_holdout,180,BLIND_2D6D3626A07B2DEA,attempt_0001,0001,False,,VALID,,,,,,,,,,,960,,,,,,,,,,,True,True,,,,
normal_holdout,181,BLIND_7127D3FA447E17EF,attempt_0001,0001,False,,VALID,,,,,,,,,,,960,,,,,,,,,,,True,True,,,,
normal_holdout,182,BLIND_1077B7B34A84C77B,attempt_0001,0001,False,,VALID,,,,,,,,,,,960,,,,,,,,,,,True,False,,,,
normal_holdout,183,BLIND_0538AA08BD8E57EB,attempt_0001,0001,False,,VALID,,,,,,,,,,,960,,,,,,,,,,,True,False,,,,
normal_holdout,184,BLIND_BEC09DFF1692D773,attempt_0001,0001,False,,VALID,,,,,,,,,,,960,,,,,,,,,,,True,True,,,,
normal_holdout,185,BLIND_DEA8A6E0A8AA2905,attempt_0001,0001,False,,VALID,,,,,,,,,,,960,,,,,,,,,,,True,True,,,,
normal_holdout,186,BLIND_B534F100E7A8F86D,attempt_0001,0001,False,,VALID,,,,,,,,,,,960,,,,,,,,,,,True,True,,,,
normal_holdout,187,BLIND_D4C42C33A2C54651,attempt_0001,0001,False,,VALID,,,,,,,,,,,960,,,,,,,,,,,True,True,,,,
normal_holdout,188,BLIND_ABA4B6693AA277D8,attempt_0001,0001,False,,VALID,,,,,,,,,,,960,,,,,,,,,,,True,False,,,,
normal_holdout,189,BLIND_F30EDFAA09134E42,attempt_0001,0001,False,,VALID,,,,,,,,,,,960,,,,,,,,,,,True,False,,,,
normal_holdout,190,BLIND_E98EC040D26D23D7,attempt_0001,0001,True,0001,VALID,189,False,,,,,,,,,960,,,,,,,,,True,False,True,True,,,,
normal_holdout,191,BLIND_FA2E3378795B9A86,attempt_0001,0001,True,0001,VALID,189,False,,,,,,,,,960,,,,,,,,,True,False,True,True,,,,
normal_holdout,192,BLIND_B3B61560F6B826DE,attempt_0001,0001,False,,VALID,,,,,,,,,,,960,,,,,,,,,,,True,True,,,,
normal_holdout,193,BLIND_A2154EECE534D693,attempt_0001,0001,True,0001,VALID,189,False,,,,,,,,,960,,,,,,,,,True,False,True,True,,,,
normal_holdout,194,BLIND_7B171AB46591A024,attempt_0001,0001,False,,VALID,,,,,,,,,,,960,,,,,,,,,,,True,True,,,,
normal_holdout,195,BLIND_3809908932F93600,attempt_0001,0001,False,,VALID,,,,,,,,,,,960,,,,,,,,,,,True,True,,,,
normal_holdout,196,BLIND_062D0644ED2AEFBD,attempt_0001,0001,False,,VALID,,,,,,,,,,,960,,,,,,,,,,,True,True,,,,
normal_holdout,197,BLIND_D9D7F7664F9B0C0F,attempt_0001,0001,False,,VALID,,,,,,,,,,,960,,,,,,,,,,,True,True,,,,
normal_holdout,198,BLIND_B2BE5C63B636F4A7,attempt_0001,0001,False,,VALID,,,,,,,,,,,960,,,,,,,,,,,True,True,,,,
normal_holdout,199,BLIND_8F5BA4F2C87F9B11,attempt_0001,0001,True,0001,VALID,189,False,,,,,,,,,960,,,,,,,,,True,False,True,True,,,,
normal_holdout,200,BLIND_A606259331530983,attempt_0001,0001,False,,VALID,,,,,,,,,,,960,,,,,,,,,,,True,True,,,,
normal_holdout,201,BLIND_D58BE9E45D178CA4,attempt_0001,0001,False,,VALID,,,,,,,,,,,960,,,,,,,,,,,True,True,,,,
normal_holdout,202,BLIND_6DE95EED0630B455,attempt_0001,0001,True,0001,VALID,189,False,,,,,,,,,960,,,,,,,,,True,False,True,True,,,,
normal_holdout,203,BLIND_833D0D68913CC642,attempt_0001,0001,False,,VALID,,,,,,,,,,,960,,,,,,,,,,,True,True,,,,
normal_holdout,204,BLIND_B7FB4C56B9CC2C61,attempt_0001,0001,False,,VALID,,,,,,,,,,,960,,,,,,,,,,,True,True,,,,
normal_holdout,205,BLIND_1BDA441C5E541DC8,attempt_0001,0001,False,,VALID,,,,,,,,,,,960,,,,,,,,,,,True,True,,,,
normal_holdout,206,BLIND_32AD04745E196E0F,attempt_0001,0001,False,,VALID,,,,,,,,,,,960,,,,,,,,,,,True,True,,,,
normal_holdout,207,BLIND_83C3A8B2C64637A2,attempt_0001,0001,False,,VALID,,,,,,,,,,,960,,,,,,,,,,,True,False,,,,
normal_holdout,208,BLIND_D4019A6522679804,attempt_0001,0001,False,,VALID,,,,,,,,,,,960,,,,,,,,,,,True,True,,,,
normal_holdout,209,BLIND_EEF0D2AB89C56DCF,attempt_0001,0001,False,,VALID,,,,,,,,,,,960,,,,,,,,,,,True,True,,,,
normal_holdout,210,BLIND_EE29D05DD52530B7,attempt_0001,0001,False,,VALID,,,,,,,,,,,960,,,,,,,,,,,True,True,,,,
normal_holdout,211,BLIND_5497C4201D44477B,attempt_0001,0001,False,,VALID,,,,,,,,,,,960,,,,,,,,,,,True,True,,,,
normal_holdout,212,BLIND_7D55BDB6065D221B,attempt_0001,0001,False,,VALID,,,,,,,,,,,960,,,,,,,,,,,True,True,,,,
normal_holdout,213,BLIND_3C0D81307233DA61,attempt_0001,0001,False,,VALID,,,,,,,,,,,960,,,,,,,,,,,True,True,,,,
normal_holdout,214,BLIND_95E94328E61FED41,attempt_0001,0001,False,,VALID,,,,,,,,,,,960,,,,,,,,,,,True,True,,,,
normal_holdout,215,BLIND_CD7136B7FBE8D930,attempt_0001,0001,False,,VALID,,,,,,,,,,,960,,,,,,,,,,,True,True,,,,
normal_holdout,216,BLIND_F209B41DFD120608,attempt_0001,0001,False,,VALID,,,,,,,,,,,960,,,,,,,,,,,True,True,,,,
normal_holdout,217,BLIND_61A27F6D4CC9E4B1,attempt_0001,0001,False,,VALID,,,,,,,,,,,960,,,,,,,,,,,True,True,,,,
normal_holdout,218,BLIND_2A8DA67698E32D27,attempt_0001,0001,False,,VALID,,,,,,,,,,,960,,,,,,,,,,,True,True,,,,
normal_holdout,219,BLIND_99C6FFE8C36CA5F4,attempt_0001,0001,False,,VALID,,,,,,,,,,,960,,,,,,,,,,,True,True,,,,
normal_holdout,220,BLIND_7A37699605789063,attempt_0001,0001,False,,VALID,,,,,,,,,,,960,,,,,,,,,,,True,False,,,,
normal_holdout,221,BLIND_EB326CC7FECD68C2,attempt_0001,0001,False,,VALID,,,,,,,,,,,960,,,,,,,,,,,True,True,,,,
normal_holdout,222,BLIND_F0F76D5B4F6C7181,attempt_0001,0001,True,0001,VALID,189,False,,,,,,,,,960,,,,,,,,,True,True,True,True,,,,
normal_holdout,223,BLIND_B5A4C9C1B3ECFD6B,attempt_0001,0001,True,0001,VALID,189,False,,,,,,,,,960,,,,,,,,,True,False,True,False,,,,
normal_holdout,224,BLIND_11755EE627C62120,attempt_0001,0001,False,,VALID,,,,,,,,,,,960,,,,,,,,,,,True,True,,,,
normal_holdout,225,BLIND_B4A61AEB8D04574B,attempt_0001,0001,False,,VALID,,,,,,,,,,,960,,,,,,,,,,,True,True,,,,
normal_holdout,226,BLIND_F61E5084C5124DE8,attempt_0001,0001,False,,VALID,,,,,,,,,,,960,,,,,,,,,,,True,False,,,,
normal_holdout,227,BLIND_9A9A182ACFC985A3,attempt_0001,0001,False,,VALID,,,,,,,,,,,960,,,,,,,,,,,True,True,,,,
normal_holdout,228,BLIND_BA7617C74EBDD159,attempt_0001,0001,False,,VALID,,,,,,,,,,,960,,,,,,,,,,,True,True,,,,
normal_holdout,229,BLIND_DE272954B73FC097,attempt_0001,0001,False,,VALID,,,,,,,,,,,960,,,,,,,,,,,True,False,,,,
normal_holdout,230,BLIND_6C069F1531BE8C75,attempt_0001,0001,False,,VALID,,,,,,,,,,,960,,,,,,,,,,,True,True,,,,
normal_holdout,231,BLIND_F3E58999938A0519,attempt_0001,0001,False,,VALID,,,,,,,,,,,960,,,,,,,,,,,True,True,,,,
normal_holdout,232,BLIND_3BEB08A8BDA603D1,attempt_0001,0001,False,,VALID,,,,,,,,,,,960,,,,,,,,,,,True,True,,,,
normal_holdout,233,BLIND_64ABB4CCA74EE82B,attempt_0001,0001,True,0001,VALID,189,False,,,,,,,,,960,,,,,,,,,True,True,True,True,,,,
normal_holdout,234,BLIND_87120EB0CC3C407C,attempt_0001,0001,False,,VALID,,,,,,,,,,,960,,,,,,,,,,,True,True,,,,
normal_holdout,235,BLIND_37CA09E017000A2C,attempt_0001,0001,False,,VALID,,,,,,,,,,,960,,,,,,,,,,,True,False,,,,
normal_holdout,236,BLIND_EA5E655954715893,attempt_0001,0001,False,,VALID,,,,,,,,,,,960,,,,,,,,,,,True,False,,,,
normal_holdout,237,BLIND_3A933F89F56AFB8F,attempt_0001,0001,True,0001,VALID,189,False,,,,,,,,,960,,,,,,,,,True,True,True,True,,,,
normal_holdout,238,BLIND_4484377E5C9C1379,attempt_0001,0001,False,,VALID,,,,,,,,,,,960,,,,,,,,,,,True,True,,,,
normal_holdout,239,BLIND_005834753CEC03CA,attempt_0001,0001,False,,VALID,,,,,,,,,,,960,,,,,,,,,,,True,True,,,,
normal_holdout,240,BLIND_2719E8EF5EFA2760,attempt_0001,0001,False,,VALID,,,,,,,,,,,960,,,,,,,,,,,True,True,,,,
normal_holdout,241,BLIND_9A73FE4A5E7178EA,attempt_0001,0001,False,,VALID,,,,,,,,,,,960,,,,,,,,,,,True,True,,,,
normal_holdout,242,BLIND_9384D04183FB81B2,attempt_0001,0001,False,,VALID,,,,,,,,,,,960,,,,,,,,,,,True,True,,,,
normal_holdout,243,BLIND_C3A42D4D38B628A6,attempt_0001,0001,False,,VALID,,,,,,,,,,,960,,,,,,,,,,,True,True,,,,
normal_holdout,244,BLIND_714959D742690158,attempt_0001,0001,False,,VALID,,,,,,,,,,,960,,,,,,,,,,,True,False,,,,
normal_holdout,245,BLIND_1037309122C1B66B,attempt_0001,0001,False,,VALID,,,,,,,,,,,960,,,,,,,,,,,True,True,,,,
normal_holdout,246,BLIND_FCB3D6076C61BFCF,attempt_0001,0001,False,,VALID,,,,,,,,,,,960,,,,,,,,,,,True,True,,,,
normal_holdout,247,BLIND_BD98564B243AD40B,attempt_0001,0001,False,,VALID,,,,,,,,,,,960,,,,,,,,,,,True,True,,,,
normal_holdout,248,BLIND_D65079123F51793B,attempt_0001,0001,False,,VALID,,,,,,,,,,,960,,,,,,,,,,,True,True,,,,
normal_holdout,249,BLIND_AC89D0B76C07422F,attempt_0001,0001,False,,VALID,,,,,,,,,,,960,,,,,,,,,,,True,True,,,,
normal_holdout,250,BLIND_42FAF3E1D40D51D5,attempt_0001,0001,False,,VALID,,,,,,,,,,,960,,,,,,,,,,,True,False,,,,
normal_holdout,251,BLIND_24C95A94148CD55D,attempt_0001,0001,False,,VALID,,,,,,,,,,,960,,,,,,,,,,,True,False,,,,
normal_holdout,252,BLIND_C0E0F80A000D8C20,attempt_0001,0001,False,,VALID,,,,,,,,,,,960,,,,,,,,,,,True,True,,,,
normal_holdout,253,BLIND_72FF55F32C625B3B,attempt_0001,0001,False,,VALID,,,,,,,,,,,960,,,,,,,,,,,True,False,,,,
normal_holdout,254,BLIND_2C1762002CCFCA56,attempt_0001,0001,True,0001,VALID,189,False,,,,,,,,,960,,,,,,,,,True,False,True,True,,,,
normal_holdout,255,BLIND_74D57951063C09DF,attempt_0001,0001,False,,VALID,,,,,,,,,,,960,,,,,,,,,,,True,False,,,,
normal_holdout,256,BLIND_0791D9DF3BEC37D8,attempt_0001,0001,True,0001,VALID,189,False,,,,,,,,,960,,,,,,,,,True,False,True,True,,,,
normal_holdout,257,BLIND_CEDA1EF6F0BAC210,attempt_0001,0001,False,,VALID,,,,,,,,,,,960,,,,,,,,,,,True,False,,,,
normal_holdout,258,BLIND_566B4D4495E3BB82,attempt_0001,0001,False,,VALID,,,,,,,,,,,960,,,,,,,,,,,True,True,,,,
normal_holdout,259,BLIND_16904268EC1DDC4C,attempt_0001,0001,False,,VALID,,,,,,,,,,,960,,,,,,,,,,,True,False,,,,
normal_holdout,260,BLIND_70B3342F8AD83A75,attempt_0001,0001,True,0001,VALID,189,False,,,,,,,,,960,,,,,,,,,True,True,True,True,,,,
normal_holdout,261,BLIND_937176D965792451,attempt_0001,0001,False,,VALID,,,,,,,,,,,960,,,,,,,,,,,True,True,,,,
normal_holdout,262,BLIND_EDC888CF76C5A023,attempt_0001,0001,False,,VALID,,,,,,,,,,,960,,,,,,,,,,,True,True,,,,
normal_holdout,263,BLIND_9985C8C7CA8EDB7C,attempt_0001,0001,True,0001,VALID,189,False,,,,,,,,,960,,,,,,,,,True,False,True,True,,,,
normal_holdout,264,BLIND_0C722F87680DA633,attempt_0001,0001,True,0001,VALID,189,False,,,,,,,,,960,,,,,,,,,True,False,True,True,,,,
normal_holdout,265,BLIND_197A478D4886CF47,attempt_0001,0001,False,,VALID,,,,,,,,,,,960,,,,,,,,,,,True,True,,,,
normal_holdout,266,BLIND_5A251FF083999AF0,attempt_0001,0001,False,,VALID,,,,,,,,,,,960,,,,,,,,,,,True,False,,,,
normal_holdout,267,BLIND_C0524EC7E1568207,attempt_0001,0001,False,,VALID,,,,,,,,,,,960,,,,,,,,,,,True,True,,,,
normal_holdout,268,BLIND_E550580C5CFD02D9,attempt_0001,0001,False,,VALID,,,,,,,,,,,960,,,,,,,,,,,True,True,,,,
normal_holdout,269,BLIND_044E7068EAC4E9A6,attempt_0001,0001,False,,VALID,,,,,,,,,,,960,,,,,,,,,,,True,True,,,,
normal_holdout,270,BLIND_4F954C5DB4140355,attempt_0001,0001,False,,VALID,,,,,,,,,,,960,,,,,,,,,,,True,True,,,,
normal_holdout,271,BLIND_30B182D043D6008D,attempt_0001,0001,False,,VALID,,,,,,,,,,,960,,,,,,,,,,,True,True,,,,
normal_holdout,272,BLIND_CE15AEF2CF9E0169,attempt_0001,0001,False,,VALID,,,,,,,,,,,960,,,,,,,,,,,True,False,,,,
normal_holdout,273,BLIND_4AC68E944236A219,attempt_0001,0001,False,,VALID,,,,,,,,,,,960,,,,,,,,,,,True,True,,,,
normal_holdout,274,BLIND_37A8B9D0CC207BC4,attempt_0001,0001,False,,VALID,,,,,,,,,,,960,,,,,,,,,,,True,True,,,,
normal_holdout,275,BLIND_137ADC3FA7EED873,attempt_0001,0001,False,,VALID,,,,,,,,,,,960,,,,,,,,,,,True,True,,,,
normal_holdout,276,BLIND_6EFB5E1BBDDD55EB,attempt_0001,0001,False,,VALID,,,,,,,,,,,960,,,,,,,,,,,True,True,,,,
normal_holdout,277,BLIND_0FAE6982AAD43718,attempt_0001,0001,False,,VALID,,,,,,,,,,,960,,,,,,,,,,,True,True,,,,
normal_holdout,278,BLIND_F4712BEE48C20120,attempt_0001,0001,False,,VALID,,,,,,,,,,,960,,,,,,,,,,,True,True,,,,
normal_holdout,279,BLIND_2BCBCF601CDB8D50,attempt_0001,0001,False,,VALID,,,,,,,,,,,960,,,,,,,,,,,True,True,,,,
normal_holdout,280,BLIND_AFEB0FFE9101BFAD,attempt_0001,0001,False,,VALID,,,,,,,,,,,960,,,,,,,,,,,True,False,,,,
normal_holdout,281,BLIND_4CA9E600388DCAC1,attempt_0001,0001,True,0001,VALID,189,False,,,,,,,,,960,,,,,,,,,True,True,True,True,,,,
normal_holdout,282,BLIND_51C17198D1FD00B6,attempt_0001,0001,False,,VALID,,,,,,,,,,,960,,,,,,,,,,,True,True,,,,
normal_holdout,283,BLIND_65643AC089D7CD47,attempt_0001,0001,False,,VALID,,,,,,,,,,,960,,,,,,,,,,,True,True,,,,
normal_holdout,284,BLIND_954393E591151F22,attempt_0001,0001,False,,VALID,,,,,,,,,,,960,,,,,,,,,,,True,True,,,,
normal_holdout,285,BLIND_55F3DFCEEC1C4678,attempt_0001,0001,False,,VALID,,,,,,,,,,,960,,,,,,,,,,,True,True,,,,
normal_holdout,286,BLIND_3029A29D90962858,attempt_0001,0001,False,,VALID,,,,,,,,,,,960,,,,,,,,,,,True,True,,,,
normal_holdout,287,BLIND_78B52D273E541303,attempt_0001,0001,False,,VALID,,,,,,,,,,,960,,,,,,,,,,,True,True,,,,
normal_holdout,288,BLIND_B00536C68BA11A04,attempt_0001,0001,False,,VALID,,,,,,,,,,,960,,,,,,,,,,,True,False,,,,
normal_holdout,289,BLIND_FA24B6CC2D73A8A2,attempt_0001,0001,False,,VALID,,,,,,,,,,,960,,,,,,,,,,,True,True,,,,
normal_holdout,290,BLIND_B1788FA510325451,attempt_0001,0001,False,,VALID,,,,,,,,,,,960,,,,,,,,,,,True,False,,,,
normal_holdout,291,BLIND_9E7F1E18CA7B9446,attempt_0001,0001,False,,VALID,,,,,,,,,,,960,,,,,,,,,,,True,True,,,,
normal_holdout,292,BLIND_DFD6897EA0B8ED14,attempt_0001,0001,False,,VALID,,,,,,,,,,,960,,,,,,,,,,,True,False,,,,
normal_holdout,293,BLIND_DADF51F6C03B30F6,attempt_0001,0001,False,,VALID,,,,,,,,,,,960,,,,,,,,,,,True,True,,,,
normal_holdout,294,BLIND_B9437E34D9700392,attempt_0001,0001,False,,VALID,,,,,,,,,,,960,,,,,,,,,,,True,True,,,,
normal_holdout,295,BLIND_E081BB7AF5B78A97,attempt_0001,0001,True,0001,VALID,189,False,,,,,,,,,960,,,,,,,,,True,True,True,True,,,,
normal_holdout,296,BLIND_EC2B7E5317FCC783,attempt_0001,0001,True,0001,VALID,189,False,,,,,,,,,960,,,,,,,,,True,True,True,True,,,,
normal_holdout,297,BLIND_995941EFAE07972F,attempt_0001,0001,False,,VALID,,,,,,,,,,,960,,,,,,,,,,,True,True,,,,
normal_holdout,298,BLIND_41AD241CF46DC707,attempt_0001,0001,False,,VALID,,,,,,,,,,,960,,,,,,,,,,,True,False,,,,
normal_holdout,299,BLIND_24686EFDF273DC86,attempt_0001,0001,False,,VALID,,,,,,,,,,,960,,,,,,,,,,,True,True,,,,
normal_holdout,300,BLIND_F8177CB4249948DC,attempt_0001,0001,False,,VALID,,,,,,,,,,,960,,,,,,,,,,,True,True,,,,
normal_holdout,301,BLIND_0F720866BEC69D3F,attempt_0001,0001,False,,VALID,,,,,,,,,,,960,,,,,,,,,,,True,True,,,,
normal_holdout,302,BLIND_4A03F2152E767EE1,attempt_0001,0001,False,,VALID,,,,,,,,,,,960,,,,,,,,,,,True,False,,,,
normal_holdout,303,BLIND_A16F1F1E112434E1,attempt_0001,0001,False,,VALID,,,,,,,,,,,960,,,,,,,,,,,True,False,,,,
normal_holdout,304,BLIND_2F40E02923E660A3,attempt_0001,0001,False,,VALID,,,,,,,,,,,960,,,,,,,,,,,True,True,,,,
normal_holdout,305,BLIND_DA7023D72E8F9D78,attempt_0001,0001,False,,VALID,,,,,,,,,,,960,,,,,,,,,,,True,True,,,,
normal_holdout,306,BLIND_144E90126490C1B6,attempt_0001,0001,True,0001,VALID,189,False,,,,,,,,,960,,,,,,,,,True,True,True,False,,,,
normal_holdout,307,BLIND_EDF72841F834108B,attempt_0001,0001,True,0001,VALID,189,False,,,,,,,,,960,,,,,,,,,True,False,True,True,,,,
normal_holdout,308,BLIND_C317B966A3F6489A,attempt_0001,0001,False,,VALID,,,,,,,,,,,960,,,,,,,,,,,True,True,,,,
normal_holdout,309,BLIND_F31D703335796D53,attempt_0001,0001,False,,VALID,,,,,,,,,,,960,,,,,,,,,,,True,True,,,,
normal_holdout,310,BLIND_F4002A49B9B12FC1,attempt_0001,0001,False,,VALID,,,,,,,,,,,960,,,,,,,,,,,True,False,,,,
normal_holdout,311,BLIND_5635ABC4A6C50DC4,attempt_0001,0001,False,,VALID,,,,,,,,,,,960,,,,,,,,,,,True,True,,,,
normal_holdout,312,BLIND_5722A3DBFF474876,attempt_0002,0001,True,0002,VALID,189,False,,,,,,,,,960,,,,,,,,,True,True,True,False,,,,
normal_holdout,313,BLIND_9A5F7CCE303B1E97,attempt_0001,0001,False,,VALID,,,,,,,,,,,960,,,,,,,,,,,True,True,,,,
normal_holdout,314,BLIND_5E46A8E9E6310EA7,attempt_0001,0001,False,,VALID,,,,,,,,,,,960,,,,,,,,,,,True,False,,,,
normal_holdout,315,BLIND_E07C0869F5D68184,attempt_0001,0001,False,,VALID,,,,,,,,,,,960,,,,,,,,,,,True,True,,,,
normal_holdout,316,BLIND_5CDD5826D26C9650,attempt_0001,0001,False,,VALID,,,,,,,,,,,960,,,,,,,,,,,True,True,,,,
normal_holdout,317,BLIND_019684FB6FD8FB1D,attempt_0001,0001,False,,VALID,,,,,,,,,,,960,,,,,,,,,,,True,True,,,,
normal_holdout,318,BLIND_63377552AC03C9B7,attempt_0001,0001,False,,VALID,,,,,,,,,,,960,,,,,,,,,,,True,False,,,,
normal_holdout,319,BLIND_0D722E5061214541,attempt_0001,0001,False,,VALID,,,,,,,,,,,960,,,,,,,,,,,True,True,,,,
normal_holdout,320,BLIND_B3F84DCEF08F2CF2,attempt_0001,0001,True,0001,VALID,189,False,,,,,,,,,960,,,,,,,,,True,False,True,True,,,,
normal_holdout,321,BLIND_23F4A4053FF5540B,attempt_0001,0001,False,,VALID,,,,,,,,,,,960,,,,,,,,,,,True,True,,,,
normal_holdout,322,BLIND_E9051E36F1B7B74A,attempt_0001,0001,False,,VALID,,,,,,,,,,,960,,,,,,,,,,,True,True,,,,
normal_holdout,323,BLIND_5C12E643F4A1FA28,attempt_0001,0001,False,,VALID,,,,,,,,,,,960,,,,,,,,,,,True,True,,,,
normal_holdout,324,BLIND_D34593D52F17B12A,attempt_0001,0001,False,,VALID,,,,,,,,,,,960,,,,,,,,,,,True,True,,,,
normal_holdout,325,BLIND_AA992A6091152D74,attempt_0001,0001,False,,VALID,,,,,,,,,,,960,,,,,,,,,,,True,True,,,,
normal_holdout,326,BLIND_9BD39BDD38D8C124,attempt_0001,0001,False,,VALID,,,,,,,,,,,960,,,,,,,,,,,True,True,,,,
normal_holdout,327,BLIND_6BC4CC8E22582CD9,attempt_0001,0001,False,,VALID,,,,,,,,,,,960,,,,,,,,,,,True,True,,,,
normal_holdout,328,BLIND_322AEF9501E65683,attempt_0001,0001,False,,VALID,,,,,,,,,,,960,,,,,,,,,,,True,True,,,,
normal_holdout,329,BLIND_86BF5CA3AC34666D,attempt_0001,0001,False,,VALID,,,,,,,,,,,960,,,,,,,,,,,True,True,,,,
normal_holdout,330,BLIND_A45CE8A868631877,attempt_0001,0001,False,,VALID,,,,,,,,,,,960,,,,,,,,,,,True,True,,,,
normal_holdout,331,BLIND_05B65FAB2F6BD3E9,attempt_0001,0001,False,,VALID,,,,,,,,,,,960,,,,,,,,,,,True,False,,,,
normal_holdout,332,BLIND_108DDE08CC04CD69,attempt_0001,0001,False,,VALID,,,,,,,,,,,960,,,,,,,,,,,True,True,,,,
normal_holdout,333,BLIND_0AF1FD6A57E75D7F,attempt_0001,0001,False,,VALID,,,,,,,,,,,960,,,,,,,,,,,True,True,,,,
normal_holdout,334,BLIND_54F83AF795D253B5,attempt_0001,0001,False,,VALID,,,,,,,,,,,960,,,,,,,,,,,True,True,,,,
normal_holdout,335,BLIND_D3A3556968C2B25D,attempt_0001,0001,False,,VALID,,,,,,,,,,,960,,,,,,,,,,,True,True,,,,
normal_holdout,336,BLIND_88A693AB84C87D65,attempt_0001,0001,False,,VALID,,,,,,,,,,,960,,,,,,,,,,,True,True,,,,
normal_holdout,337,BLIND_A53CD2DC13DEB186,attempt_0001,0001,False,,VALID,,,,,,,,,,,960,,,,,,,,,,,True,False,,,,
normal_holdout,338,BLIND_4FC5C684EF40D178,attempt_0001,0001,False,,VALID,,,,,,,,,,,960,,,,,,,,,,,True,True,,,,
normal_holdout,339,BLIND_0F77608B7D2FAB7E,attempt_0001,0001,False,,VALID,,,,,,,,,,,960,,,,,,,,,,,True,False,,,,
normal_holdout,340,BLIND_D1B9E2EB261F66C5,attempt_0001,0001,False,,VALID,,,,,,,,,,,960,,,,,,,,,,,True,True,,,,
normal_holdout,341,BLIND_42BFF8ABED7EB449,attempt_0001,0001,False,,VALID,,,,,,,,,,,960,,,,,,,,,,,True,True,,,,
normal_holdout,342,BLIND_1BB823BC16262A50,attempt_0001,0001,False,,VALID,,,,,,,,,,,960,,,,,,,,,,,True,True,,,,
normal_holdout,343,BLIND_64546DAC7985BF7F,attempt_0001,0001,False,,VALID,,,,,,,,,,,960,,,,,,,,,,,True,True,,,,
normal_holdout,344,BLIND_11B65E2F6C872932,attempt_0001,0001,True,0001,VALID,189,False,,,,,,,,,960,,,,,,,,,True,True,True,True,,,,
normal_holdout,345,BLIND_3F8D29531EB1B6D8,attempt_0001,0001,False,,VALID,,,,,,,,,,,960,,,,,,,,,,,True,True,,,,
normal_holdout,346,BLIND_766ABDFF808B78C1,attempt_0001,0001,False,,VALID,,,,,,,,,,,960,,,,,,,,,,,True,False,,,,
normal_holdout,347,BLIND_08962C7D92E76FA8,attempt_0001,0001,False,,VALID,,,,,,,,,,,960,,,,,,,,,,,True,True,,,,
normal_holdout,348,BLIND_BDEF300302DAED3E,attempt_0001,0001,False,,VALID,,,,,,,,,,,960,,,,,,,,,,,True,True,,,,
normal_holdout,349,BLIND_91F32134AEC9939F,attempt_0001,0001,False,,VALID,,,,,,,,,,,960,,,,,,,,,,,True,False,,,,
normal_holdout,350,BLIND_305A40BB3FCB40A7,attempt_0001,0001,False,,VALID,,,,,,,,,,,960,,,,,,,,,,,True,True,,,,
normal_holdout,351,BLIND_39A90B232AAE5CBA,attempt_0001,0001,False,,VALID,,,,,,,,,,,960,,,,,,,,,,,True,True,,,,
normal_holdout,352,BLIND_128CB2D6C7ACB020,attempt_0001,0001,False,,VALID,,,,,,,,,,,960,,,,,,,,,,,True,True,,,,
normal_holdout,353,BLIND_0E2FBABE4D301939,attempt_0001,0001,False,,VALID,,,,,,,,,,,960,,,,,,,,,,,True,True,,,,
normal_holdout,354,BLIND_4B890B9EDD5B9FC9,attempt_0001,0001,False,,VALID,,,,,,,,,,,960,,,,,,,,,,,True,True,,,,
normal_holdout,355,BLIND_4DB8975DAA47C3FC,attempt_0001,0001,False,,VALID,,,,,,,,,,,960,,,,,,,,,,,True,True,,,,
normal_holdout,356,BLIND_6E218D232B523722,attempt_0001,0001,False,,VALID,,,,,,,,,,,960,,,,,,,,,,,True,True,,,,
normal_holdout,357,BLIND_59BCBA6E10AA7F92,attempt_0001,0001,True,0001,VALID,189,False,,,,,,,,,960,,,,,,,,,True,False,True,False,,,,
normal_holdout,358,BLIND_49A3FC2245ED7B32,attempt_0001,0001,True,0001,VALID,189,False,,,,,,,,,960,,,,,,,,,True,False,True,True,,,,
normal_holdout,359,BLIND_B4A9C88A9311CE86,attempt_0001,0001,False,,VALID,,,,,,,,,,,960,,,,,,,,,,,True,True,,,,
normal_holdout,360,BLIND_7362D694AA125B7C,attempt_0001,0001,False,,VALID,,,,,,,,,,,960,,,,,,,,,,,True,True,,,,
normal_holdout,361,BLIND_E1E00F666263A967,attempt_0001,0001,False,,VALID,,,,,,,,,,,960,,,,,,,,,,,True,True,,,,
normal_holdout,362,BLIND_686BEF6137D8AFA6,attempt_0001,0001,False,,VALID,,,,,,,,,,,960,,,,,,,,,,,True,False,,,,
normal_holdout,363,BLIND_DD5399E9D0DBE92C,attempt_0001,0001,False,,VALID,,,,,,,,,,,960,,,,,,,,,,,True,True,,,,
normal_holdout,364,BLIND_0074C8D2234937A0,attempt_0001,0001,False,,VALID,,,,,,,,,,,960,,,,,,,,,,,True,False,,,,
normal_holdout,365,BLIND_B5A32B03AABBF1A4,attempt_0001,0001,False,,VALID,,,,,,,,,,,960,,,,,,,,,,,True,True,,,,
normal_holdout,366,BLIND_8C92D7AE659B58D9,attempt_0001,0001,False,,VALID,,,,,,,,,,,960,,,,,,,,,,,True,True,,,,
normal_holdout,367,BLIND_09005D4742205880,attempt_0001,0001,False,,VALID,,,,,,,,,,,960,,,,,,,,,,,True,False,,,,
normal_holdout,368,BLIND_8465FF8BEFB242F9,attempt_0001,0001,False,,VALID,,,,,,,,,,,960,,,,,,,,,,,True,False,,,,
normal_holdout,369,BLIND_B61943FD1328C8A4,attempt_0001,0001,False,,VALID,,,,,,,,,,,960,,,,,,,,,,,True,True,,,,
normal_holdout,370,BLIND_A09D8E7041581859,attempt_0001,0001,False,,VALID,,,,,,,,,,,960,,,,,,,,,,,True,True,,,,
normal_holdout,371,BLIND_32D0B025D458F9A8,attempt_0001,0001,False,,VALID,,,,,,,,,,,960,,,,,,,,,,,True,True,,,,
normal_holdout,372,BLIND_7D20FB292A52E1B1,attempt_0001,0001,False,,VALID,,,,,,,,,,,960,,,,,,,,,,,True,True,,,,
normal_holdout,373,BLIND_D43100EA9410E4F6,attempt_0001,0001,False,,VALID,,,,,,,,,,,960,,,,,,,,,,,True,True,,,,
normal_holdout,374,BLIND_E4110706798CB9EF,attempt_0001,0001,False,,VALID,,,,,,,,,,,960,,,,,,,,,,,True,True,,,,
normal_holdout,375,BLIND_C47959F8096DA67F,attempt_0001,0001,False,,VALID,,,,,,,,,,,960,,,,,,,,,,,True,False,,,,
normal_holdout,376,BLIND_EA9F86000B45E6F9,attempt_0001,0001,False,,VALID,,,,,,,,,,,960,,,,,,,,,,,True,True,,,,
normal_holdout,377,BLIND_2407D59250FE8B28,attempt_0001,0001,False,,VALID,,,,,,,,,,,960,,,,,,,,,,,True,True,,,,
normal_holdout,378,BLIND_656BC82C9E437186,attempt_0001,0001,False,,VALID,,,,,,,,,,,960,,,,,,,,,,,True,False,,,,
normal_holdout,379,BLIND_8A02EBB027C36AD8,attempt_0001,0001,False,,VALID,,,,,,,,,,,960,,,,,,,,,,,True,True,,,,
normal_holdout,380,BLIND_11431C691F7F4E57,attempt_0001,0001,False,,VALID,,,,,,,,,,,960,,,,,,,,,,,True,False,,,,
normal_holdout,381,BLIND_A0A3AAC068F24EFC,attempt_0001,0001,False,,VALID,,,,,,,,,,,960,,,,,,,,,,,True,False,,,,
normal_holdout,382,BLIND_A21AE6885B6E0367,attempt_0001,0001,False,,VALID,,,,,,,,,,,960,,,,,,,,,,,True,True,,,,
normal_holdout,383,BLIND_1B28B53085744665,attempt_0001,0001,False,,VALID,,,,,,,,,,,960,,,,,,,,,,,True,True,,,,
normal_holdout,384,BLIND_D7E102E239A7B7EA,attempt_0001,0001,False,,VALID,,,,,,,,,,,960,,,,,,,,,,,True,True,,,,
normal_holdout,385,BLIND_26B9C05E51DE3750,attempt_0001,0001,False,,VALID,,,,,,,,,,,960,,,,,,,,,,,True,True,,,,
normal_holdout,386,BLIND_1D3206ABE3C685B6,attempt_0001,0001,False,,VALID,,,,,,,,,,,960,,,,,,,,,,,True,True,,,,
normal_holdout,387,BLIND_043E636959E7864A,attempt_0001,0001,True,0001,VALID,189,False,,,,,,,,,960,,,,,,,,,True,True,True,True,,,,
normal_holdout,388,BLIND_11130A2906048D88,attempt_0001,0001,False,,VALID,,,,,,,,,,,960,,,,,,,,,,,True,False,,,,
normal_holdout,389,BLIND_2DB11D05D13E7A26,attempt_0001,0001,False,,VALID,,,,,,,,,,,960,,,,,,,,,,,True,True,,,,
normal_holdout,390,BLIND_0FACF55053DDA556,attempt_0001,0001,False,,VALID,,,,,,,,,,,960,,,,,,,,,,,True,True,,,,
normal_holdout,391,BLIND_CFC9E732C56D9C15,attempt_0001,0001,True,0001,VALID,189,False,,,,,,,,,960,,,,,,,,,True,False,True,True,,,,
normal_holdout,392,BLIND_C744D84CDD2D54A5,attempt_0001,0001,False,,VALID,,,,,,,,,,,960,,,,,,,,,,,True,False,,,,
normal_holdout,393,BLIND_72104D2280E00C6F,attempt_0001,0001,False,,VALID,,,,,,,,,,,960,,,,,,,,,,,True,False,,,,
normal_holdout,394,BLIND_87E79B58BFCD933F,attempt_0001,0001,False,,VALID,,,,,,,,,,,960,,,,,,,,,,,True,True,,,,
normal_holdout,395,BLIND_5AF52FE247319489,attempt_0001,0001,False,,VALID,,,,,,,,,,,960,,,,,,,,,,,True,True,,,,
normal_holdout,396,BLIND_2CF19A537364EDB1,attempt_0001,0001,True,0001,VALID,189,False,,,,,,,,,960,,,,,,,,,True,False,True,True,,,,
normal_holdout,397,BLIND_0312C075E0EFC4C1,attempt_0001,0001,False,,VALID,,,,,,,,,,,960,,,,,,,,,,,True,True,,,,
normal_holdout,398,BLIND_2AA67318EEB96A85,attempt_0001,0001,False,,VALID,,,,,,,,,,,960,,,,,,,,,,,True,False,,,,
normal_holdout,399,BLIND_E61CC340E7B6BFEB,attempt_0001,0001,False,,VALID,,,,,,,,,,,960,,,,,,,,,,,True,True,,,,
normal_holdout,400,BLIND_7CCCF0FAB8AD3E23,attempt_0001,0001,False,,VALID,,,,,,,,,,,960,,,,,,,,,,,True,True,,,,
normal_holdout,401,BLIND_E8476BDDC9AC54EE,attempt_0001,0001,False,,VALID,,,,,,,,,,,960,,,,,,,,,,,True,False,,,,
normal_holdout,402,BLIND_7131F81256CA7DED,attempt_0001,0001,False,,VALID,,,,,,,,,,,960,,,,,,,,,,,True,False,,,,
normal_holdout,403,BLIND_D7B910B00B900884,attempt_0001,0001,False,,VALID,,,,,,,,,,,960,,,,,,,,,,,True,False,,,,
normal_holdout,404,BLIND_E6281788E55507F5,attempt_0001,0001,False,,VALID,,,,,,,,,,,960,,,,,,,,,,,True,True,,,,
normal_holdout,405,BLIND_4F6618FD67385607,attempt_0001,0001,False,,VALID,,,,,,,,,,,960,,,,,,,,,,,True,True,,,,
normal_holdout,406,BLIND_5E558A5B0D3E005C,attempt_0001,0001,True,0001,VALID,189,False,,,,,,,,,960,,,,,,,,,True,True,True,True,,,,
normal_holdout,407,BLIND_C84F3EC0E8495673,attempt_0001,0001,False,,VALID,,,,,,,,,,,960,,,,,,,,,,,True,True,,,,
normal_holdout,408,BLIND_3F5518A5B882691A,attempt_0001,0001,False,,VALID,,,,,,,,,,,960,,,,,,,,,,,True,True,,,,
normal_holdout,409,BLIND_08B6CC7F14955485,attempt_0001,0001,False,,VALID,,,,,,,,,,,960,,,,,,,,,,,True,True,,,,
normal_holdout,410,BLIND_C88D516C42FC483D,attempt_0001,0001,False,,VALID,,,,,,,,,,,960,,,,,,,,,,,True,True,,,,
normal_holdout,411,BLIND_9CD88F0EA71493F5,attempt_0001,0001,False,,VALID,,,,,,,,,,,960,,,,,,,,,,,True,True,,,,
normal_holdout,412,BLIND_F395823DA3E1C791,attempt_0001,0001,False,,VALID,,,,,,,,,,,960,,,,,,,,,,,True,True,,,,
normal_holdout,413,BLIND_B09FEC20FF42B11E,attempt_0001,0001,False,,VALID,,,,,,,,,,,960,,,,,,,,,,,True,False,,,,
normal_holdout,414,BLIND_4A60FC6A0BCF6131,attempt_0001,0001,False,,VALID,,,,,,,,,,,960,,,,,,,,,,,True,False,,,,
normal_holdout,415,BLIND_5F0FD301E45C2AF0,attempt_0001,0001,False,,VALID,,,,,,,,,,,960,,,,,,,,,,,True,True,,,,
normal_holdout,416,BLIND_638DB77AB67C5D64,attempt_0001,0001,False,,VALID,,,,,,,,,,,960,,,,,,,,,,,True,False,,,,
normal_holdout,417,BLIND_EA22FFA88EACDAB0,attempt_0001,0001,False,,VALID,,,,,,,,,,,960,,,,,,,,,,,True,True,,,,
normal_holdout,418,BLIND_5C429AB74CAF4BF9,attempt_0001,0001,False,,VALID,,,,,,,,,,,960,,,,,,,,,,,True,True,,,,
normal_holdout,419,BLIND_14C5405B65AC496F,attempt_0001,0001,False,,VALID,,,,,,,,,,,960,,,,,,,,,,,True,True,,,,
normal_holdout,420,BLIND_ACC72217726377DA,attempt_0001,0001,True,0001,VALID,189,False,,,,,,,,,960,,,,,,,,,True,True,True,True,,,,
normal_holdout,421,BLIND_EF247AAC9D15B609,attempt_0001,0001,False,,VALID,,,,,,,,,,,960,,,,,,,,,,,True,True,,,,
normal_holdout,422,BLIND_FF996B5DB46027FB,attempt_0001,0001,False,,VALID,,,,,,,,,,,960,,,,,,,,,,,True,True,,,,
normal_holdout,423,BLIND_7B3140C46DED6100,attempt_0001,0001,False,,VALID,,,,,,,,,,,960,,,,,,,,,,,True,True,,,,
normal_holdout,424,BLIND_9E3981CACFF66C66,attempt_0001,0001,False,,VALID,,,,,,,,,,,960,,,,,,,,,,,True,True,,,,
normal_holdout,425,BLIND_230C181683C01A24,attempt_0001,0001,False,,VALID,,,,,,,,,,,960,,,,,,,,,,,True,False,,,,
normal_holdout,426,BLIND_2EEA7BE55F2025A6,attempt_0001,0001,False,,VALID,,,,,,,,,,,960,,,,,,,,,,,True,False,,,,
normal_holdout,427,BLIND_1BB1802F204A8225,attempt_0001,0001,False,,VALID,,,,,,,,,,,960,,,,,,,,,,,True,True,,,,
normal_holdout,428,BLIND_FCAA8C50DCE1573F,attempt_0001,0001,True,0001,VALID,189,False,,,,,,,,,960,,,,,,,,,True,False,True,True,,,,
normal_holdout,429,BLIND_8702F0493BDEF1CF,attempt_0001,0001,False,,VALID,,,,,,,,,,,960,,,,,,,,,,,True,True,,,,
normal_holdout,430,BLIND_7BF45D972A2B5F71,attempt_0001,0001,False,,VALID,,,,,,,,,,,960,,,,,,,,,,,True,True,,,,
normal_holdout,431,BLIND_88EC11211AF7D33F,attempt_0001,0001,False,,VALID,,,,,,,,,,,960,,,,,,,,,,,True,True,,,,
normal_holdout,432,BLIND_5F755FC4414C1F9D,attempt_0001,0001,False,,VALID,,,,,,,,,,,960,,,,,,,,,,,True,True,,,,
normal_holdout,433,BLIND_42DF62C546A68A28,attempt_0001,0001,False,,VALID,,,,,,,,,,,960,,,,,,,,,,,True,True,,,,
normal_holdout,434,BLIND_41EE21974782565D,attempt_0001,0001,False,,VALID,,,,,,,,,,,960,,,,,,,,,,,True,False,,,,
normal_holdout,435,BLIND_88758D94BD5AE555,attempt_0001,0001,False,,VALID,,,,,,,,,,,960,,,,,,,,,,,True,True,,,,
normal_holdout,436,BLIND_A46BA96A75FB6C2F,attempt_0001,0001,True,0001,VALID,189,False,,,,,,,,,960,,,,,,,,,True,False,True,True,,,,
normal_holdout,437,BLIND_E5740F5C01B94246,attempt_0001,0001,True,0001,VALID,189,False,,,,,,,,,960,,,,,,,,,True,False,True,True,,,,
normal_holdout,438,BLIND_D7543E1FEAA8BF32,attempt_0001,0001,False,,VALID,,,,,,,,,,,960,,,,,,,,,,,True,False,,,,
normal_holdout,439,BLIND_9B897E02FE4CAAF5,attempt_0001,0001,False,,VALID,,,,,,,,,,,960,,,,,,,,,,,True,True,,,,
normal_holdout,440,BLIND_889E3F28A9C64960,attempt_0001,0001,False,,VALID,,,,,,,,,,,960,,,,,,,,,,,True,True,,,,
normal_holdout,441,BLIND_8DAEE5DFC2055CCF,attempt_0001,0001,False,,VALID,,,,,,,,,,,960,,,,,,,,,,,True,True,,,,
normal_holdout,442,BLIND_5F7FA62864DF0CBD,attempt_0001,0001,False,,VALID,,,,,,,,,,,960,,,,,,,,,,,True,True,,,,
normal_holdout,443,BLIND_BA87AB9E2F74A741,attempt_0001,0001,False,,VALID,,,,,,,,,,,960,,,,,,,,,,,True,False,,,,
normal_holdout,444,BLIND_64136E3434D19FD7,attempt_0001,0001,False,,VALID,,,,,,,,,,,960,,,,,,,,,,,True,True,,,,
normal_holdout,445,BLIND_E36DA61FE4581A9C,attempt_0001,0001,False,,VALID,,,,,,,,,,,960,,,,,,,,,,,True,True,,,,
normal_holdout,446,BLIND_1030A12352E9D0C3,attempt_0001,0001,False,,VALID,,,,,,,,,,,960,,,,,,,,,,,True,True,,,,
normal_holdout,447,BLIND_2B657276B4B37CFC,attempt_0001,0001,False,,VALID,,,,,,,,,,,960,,,,,,,,,,,True,True,,,,
normal_holdout,448,BLIND_64A06C177D13C4E7,attempt_0001,0001,False,,VALID,,,,,,,,,,,960,,,,,,,,,,,True,True,,,,
normal_holdout,449,BLIND_9558460072766ED0,attempt_0001,0001,False,,VALID,,,,,,,,,,,960,,,,,,,,,,,True,True,,,,
normal_holdout,450,BLIND_681FB41EF381011A,attempt_0001,0001,False,,VALID,,,,,,,,,,,960,,,,,,,,,,,True,True,,,,
normal_holdout,451,BLIND_2E28E3BAB9B2C243,attempt_0001,0001,False,,VALID,,,,,,,,,,,960,,,,,,,,,,,True,True,,,,
normal_holdout,452,BLIND_3001AB92F99CAD2D,attempt_0001,0001,False,,VALID,,,,,,,,,,,960,,,,,,,,,,,True,True,,,,
normal_holdout,453,BLIND_10AA6DC5072FF5FA,attempt_0001,0001,False,,VALID,,,,,,,,,,,960,,,,,,,,,,,True,False,,,,
normal_holdout,454,BLIND_CC8D449A06BF3975,attempt_0001,0001,True,0001,VALID,189,False,,,,,,,,,960,,,,,,,,,True,False,True,True,,,,
normal_holdout,455,BLIND_22D35E884305B61F,attempt_0001,0001,False,,VALID,,,,,,,,,,,960,,,,,,,,,,,True,True,,,,
normal_holdout,456,BLIND_18CDFE7C990C39E5,attempt_0001,0001,False,,VALID,,,,,,,,,,,960,,,,,,,,,,,True,True,,,,
normal_holdout,457,BLIND_B25EF60A1CF2B608,attempt_0001,0001,False,,VALID,,,,,,,,,,,960,,,,,,,,,,,True,True,,,,
normal_holdout,458,BLIND_E81033898A0FC0A2,attempt_0001,0001,False,,VALID,,,,,,,,,,,960,,,,,,,,,,,True,True,,,,
normal_holdout,459,BLIND_0B03EA5594CBA94D,attempt_0001,0001,False,,VALID,,,,,,,,,,,960,,,,,,,,,,,True,True,,,,
normal_holdout,460,BLIND_86B9A9AFA50EBF15,attempt_0001,0001,False,,VALID,,,,,,,,,,,960,,,,,,,,,,,True,False,,,,
normal_holdout,461,BLIND_495D4F68CF8DD1D4,attempt_0001,0001,False,,VALID,,,,,,,,,,,960,,,,,,,,,,,True,True,,,,
normal_holdout,462,BLIND_FCAF839AE3A741F7,attempt_0001,0001,False,,VALID,,,,,,,,,,,960,,,,,,,,,,,True,True,,,,
normal_holdout,463,BLIND_02E08BC78E1AFAE7,attempt_0001,0001,False,,VALID,,,,,,,,,,,960,,,,,,,,,,,True,True,,,,
normal_holdout,464,BLIND_4E8EDFA1110FF2F6,attempt_0001,0001,False,,VALID,,,,,,,,,,,960,,,,,,,,,,,True,True,,,,
normal_holdout,465,BLIND_683EAC93EAEE4B9C,attempt_0001,0001,False,,VALID,,,,,,,,,,,960,,,,,,,,,,,True,False,,,,
normal_holdout,466,BLIND_A64B410C5E1BD75A,attempt_0001,0001,False,,VALID,,,,,,,,,,,960,,,,,,,,,,,True,False,,,,
normal_holdout,467,BLIND_F06DFBA5910677B3,attempt_0001,0001,False,,VALID,,,,,,,,,,,960,,,,,,,,,,,True,False,,,,
normal_holdout,468,BLIND_23536AABF334BA0E,attempt_0001,0001,False,,VALID,,,,,,,,,,,960,,,,,,,,,,,True,True,,,,
normal_holdout,469,BLIND_DACD687BBE31BB9E,attempt_0001,0001,False,,VALID,,,,,,,,,,,960,,,,,,,,,,,True,True,,,,
normal_holdout,470,BLIND_F1E7B7F3E6AEF748,attempt_0001,0001,False,,VALID,,,,,,,,,,,960,,,,,,,,,,,True,False,,,,
normal_holdout,471,BLIND_C63C9EDF8D2FEC19,attempt_0001,0001,False,,VALID,,,,,,,,,,,960,,,,,,,,,,,True,True,,,,
normal_holdout,472,BLIND_7CC9FC58A3CF85DC,attempt_0001,0001,False,,VALID,,,,,,,,,,,960,,,,,,,,,,,True,True,,,,
normal_holdout,473,BLIND_40B4AF1831950987,attempt_0001,0001,False,,VALID,,,,,,,,,,,960,,,,,,,,,,,True,True,,,,
normal_holdout,474,BLIND_4BC47074A5DB2144,attempt_0001,0001,False,,VALID,,,,,,,,,,,960,,,,,,,,,,,True,True,,,,
normal_holdout,475,BLIND_FFD9A15F6480D7A7,attempt_0001,0001,False,,VALID,,,,,,,,,,,960,,,,,,,,,,,True,False,,,,
normal_holdout,476,BLIND_BEFEB9580426C172,attempt_0001,0001,False,,VALID,,,,,,,,,,,960,,,,,,,,,,,True,True,,,,
normal_holdout,477,BLIND_F814C52C86E170CC,attempt_0001,0001,False,,VALID,,,,,,,,,,,960,,,,,,,,,,,True,True,,,,
normal_holdout,478,BLIND_5BC4B26DA587C5D9,attempt_0001,0001,False,,VALID,,,,,,,,,,,960,,,,,,,,,,,True,True,,,,
normal_holdout,479,BLIND_564E2FFF59C533F2,attempt_0001,0001,False,,VALID,,,,,,,,,,,960,,,,,,,,,,,True,True,,,,
normal_holdout,480,BLIND_0C078A36AB92C1B8,attempt_0001,0001,False,,VALID,,,,,,,,,,,960,,,,,,,,,,,True,True,,,,
normal_holdout,481,BLIND_A4FA68AA926583A1,attempt_0001,0001,False,,VALID,,,,,,,,,,,960,,,,,,,,,,,True,True,,,,
normal_holdout,482,BLIND_E48E8CFF31B15D0B,attempt_0001,0001,False,,VALID,,,,,,,,,,,960,,,,,,,,,,,True,True,,,,
normal_holdout,483,BLIND_D003359A13572C54,attempt_0001,0001,False,,VALID,,,,,,,,,,,960,,,,,,,,,,,True,True,,,,
normal_holdout,484,BLIND_51919B1DC0501D3A,attempt_0001,0001,False,,VALID,,,,,,,,,,,960,,,,,,,,,,,True,True,,,,
normal_holdout,485,BLIND_A918B533180CFF1E,attempt_0001,0001,True,0001,VALID,189,False,,,,,,,,,960,,,,,,,,,True,True,True,True,,,,
normal_holdout,486,BLIND_1532A21ED7D48AFA,attempt_0001,0001,False,,VALID,,,,,,,,,,,960,,,,,,,,,,,True,True,,,,
normal_holdout,487,BLIND_BDAED165B93C7560,attempt_0001,0001,True,0001,VALID,189,False,,,,,,,,,960,,,,,,,,,True,False,True,True,,,,
normal_holdout,488,BLIND_E3E8D7994B94EAC9,attempt_0001,0001,False,,VALID,,,,,,,,,,,960,,,,,,,,,,,True,True,,,,
normal_holdout,489,BLIND_5198048615D70A75,attempt_0001,0001,False,,VALID,,,,,,,,,,,960,,,,,,,,,,,True,True,,,,
normal_holdout,490,BLIND_5D032A487003D79A,attempt_0001,0001,False,,VALID,,,,,,,,,,,960,,,,,,,,,,,True,False,,,,
normal_holdout,491,BLIND_CD6627765F977CC1,attempt_0001,0001,False,,VALID,,,,,,,,,,,960,,,,,,,,,,,True,True,,,,
normal_holdout,492,BLIND_0FDE18121BB0DE39,attempt_0001,0001,True,0001,VALID,189,False,,,,,,,,,960,,,,,,,,,True,True,True,True,,,,
normal_holdout,493,BLIND_9D296947404E89C1,attempt_0001,0001,False,,VALID,,,,,,,,,,,960,,,,,,,,,,,True,False,,,,
normal_holdout,494,BLIND_F502D1A52761AA54,attempt_0001,0001,False,,VALID,,,,,,,,,,,960,,,,,,,,,,,True,False,,,,
normal_holdout,495,BLIND_6A0B0DD4C5B9A82C,attempt_0001,0001,False,,VALID,,,,,,,,,,,960,,,,,,,,,,,True,False,,,,
normal_holdout,496,BLIND_5CDA90558F8F21FA,attempt_0001,0001,False,,VALID,,,,,,,,,,,960,,,,,,,,,,,True,True,,,,
normal_holdout,497,BLIND_B24FF5C330578CA9,attempt_0001,0001,False,,VALID,,,,,,,,,,,960,,,,,,,,,,,True,True,,,,
normal_holdout,498,BLIND_D23979C0EC0BFA12,attempt_0001,0001,False,,VALID,,,,,,,,,,,960,,,,,,,,,,,True,False,,,,
normal_holdout,499,BLIND_00D73AD1EE5FA138,attempt_0001,0001,False,,VALID,,,,,,,,,,,960,,,,,,,,,,,True,True,,,,
normal_holdout,500,BLIND_B0E8458F68DE1315,attempt_0001,0001,False,,VALID,,,,,,,,,,,960,,,,,,,,,,,True,True,,,,
